c0,c1,c2,c3,c4,c5,c6,c7,c8,c9,c10,c11,c12,c13,label,exp_group
6,9,66,63,45,0,0,5,0,0,6,10,1.666666667,1,0,5
14,30,44,37,44,19,7,7,0,0,30,37,1.233333333,2,3701.839,6
1,4,0,0,2,2,0,4,0,0,4,6,1.5,0,249.007,6
14,29,76,86,113,103,60,12,0,0,16,27,1.6875,2,15849.601,3
4,8,10,8,8,188,133,4,8,5,0,0,0,0,0,7
14,30,155,156,171,11,1,12,111,0,16,61,3.8125,4,8859.61,2
5,5,23,11,7,0,0,5,0,0,0,0,0,0,160.514,0
14,30,9,10,17,132,43,7,0,0,30,44,1.466666667,1,12485.066,0
9,25,1,2,2,0,0,4,0,0,17,20,1.176470588,1,0,7
4,8,1,0,1,22,7,6,0,0,0,0,0,0,0,4
6,6,40,20,12,3,2,3,0,0,3,5,1.666666667,2,413.977,1
4,6,0,0,0,84,58,16,0,0,5,5,1,1,0,4
14,30,111,115,127,2125,85,6,171,0,30,47,1.566666667,4,4062.369,1
9,11,44,31,18,12,0,16,504,1,7,15,2.142857143,7,0,2
14,30,146,129,144,0,0,12,0,0,28,38,1.357142857,4,16704.698,1
11,23,8,20,26,2,0,5,0,0,5,6,1.2,1,0,4
0,0,0,0,0,0,0,31,0,0,0,0,0,0,0,2
1,1,0,0,0,0,0,7,0,0,0,0,0,0,0,4
14,30,67,51,49,226,90,16,3390,29,28,96,3.428571429,0,24040.701,4
14,28,26,24,48,5,3,12,0,0,7,11,1.571428571,0,20857.685,5
13,27,2,10,14,6,0,13,0,0,28,96,3.428571429,13,2824.169,5
14,28,113,114,116,4,4,9,873,1,13,29,2.230769231,2,0,1
14,30,41,39,55,234,161,7,0,0,7,8,1.142857143,1,1568.656,6
8,15,6,4,6,0,0,6,0,0,2,3,1.5,1,492.81,6
6,12,11,15,22,6,2,2,0,0,6,9,1.5,2,7494.973,7
14,28,12,8,10,46,33,8,0,0,0,0,0,0,8407.775,6
14,30,21,24,33,6,1,11,0,0,0,0,0,0,976.62,1
14,30,59,51,69,0,0,5,0,0,30,459,15.3,7,3758.779,3
6,14,5,8,9,0,0,5,0,0,3,3,1,0,0,3
14,30,9,19,27,0,0,6,0,0,30,378,12.6,11,7627.916,7
8,16,1,1,3,4,0,3,0,0,7,16,2.285714286,1,0,7
14,30,76,77,81,2,0,14,0,0,2,2,1,0,18523.655,2
1,1,0,0,0,0,0,8,0,0,0,0,0,0,14011.517,5
1,1,1,0,0,0,0,6,0,0,1,3,3,1,3879.634,2
11,27,17,22,38,0,0,9,0,0,9,15,1.666666667,4,924.395,2
13,29,8,8,15,11,7,14,169,0,2,5,2.5,0,14771.293,0
14,30,128,216,308,3801,2627,4,0,0,8,15,1.875,0,9117.654,6
11,25,15,17,17,7,5,5,0,0,8,8,1,6,2978.935,0
14,30,14,10,12,2,0,14,0,0,30,36,1.2,0,2349.798,3
9,24,17,10,25,4,3,18,22,0,4,5,1.25,0,0,1
14,30,35,24,32,59,27,3,304,0,1,2,2,0,52621.93,5
14,30,101,97,106,135,80,13,0,0,9,15,1.666666667,3,6570.515,0
13,28,28,45,52,1,1,3,0,0,4,4,1,1,17309.048,7
12,28,12,11,64,14,7,23,529,2,1,1,1,0,0,6
0,0,0,0,0,0,0,8,0,0,1,5,5,0,0,3
1,1,0,0,0,158,39,31,0,0,0,0,0,0,0,6
8,16,1,2,1,2,0,7,0,0,16,20,1.25,1,0,1
14,30,28,23,26,61,11,4,0,0,25,37,1.48,1,6596.734,4
10,17,6,4,4,133,112,5,44,40,4,4,1,0,57.073,1
13,28,26,30,57,6,2,7,0,0,6,8,1.333333333,0,0,5
3,10,0,1,2,2,0,4,0,0,0,0,0,0,0,2
13,27,2,2,3,36,23,12,12,0,24,26,1.083333333,1,349.418,6
3,3,0,0,0,0,0,6,0,0,0,0,0,0,0,4
6,16,6,5,6,2,0,5,0,0,2,2,1,1,0,6
6,7,0,2,1,1,0,16,8,0,0,0,0,0,0,3
7,13,6,5,6,5,1,11,0,0,2,2,1,0,8253.911,1
3,3,0,0,0,0,0,10,24,29,1,1,1,0,0,0
14,30,64,73,83,19,4,6,0,0,30,71,2.366666667,3,13457.267,0
14,30,14,26,38,156,34,17,1496,0,1,4,4,0,0,4
14,30,14,13,27,7,5,11,21,0,1,2,2,1,0,1
11,22,0,11,15,11,5,12,0,0,13,94,7.230769231,8,0,5
1,1,43,21,13,2,2,4,0,0,2,10,5,1,3860.745,4
14,30,49,48,60,106,24,5,7,0,3,4,1.333333333,1,8057.663,3
6,9,0,1,1,34,13,7,0,0,1,2,2,0,294.609,0
1,1,4,2,1,0,0,10,0,0,0,0,0,0,0,0
14,27,29,25,18,0,0,12,0,0,9,13,1.444444444,1,36.93,4
7,14,45,23,28,9,1,5,0,0,5,10,2,3,6239.478,4
3,3,0,0,0,1,0,3,0,0,0,0,0,0,0,4
14,28,16,15,18,6,2,7,0,0,2,2,1,2,1376.846,0
14,30,19,21,31,0,0,5,0,0,30,527,17.56666667,0,3663.827,3
12,24,21,19,39,362,354,17,0,0,0,0,0,0,0,2
2,2,0,0,0,2,0,2,0,0,1,1,1,0,0,7
14,26,90,71,57,10,6,13,0,0,8,9,1.125,0,3124.276,4
1,5,0,0,1,2,0,8,0,0,0,0,0,0,0,3
12,27,7,6,7,0,0,10,0,0,16,26,1.625,3,3318.817,7
14,30,171,129,123,169,46,12,255,3,10,48,4.8,10,23546.537,4
13,26,4,4,2,8,3,7,0,0,25,121,4.84,4,2477.326,7
1,3,0,0,0,2,1,11,0,0,0,0,0,0,0,0
14,30,35,41,59,845,445,8,0,0,4,7,1.75,1,4863.287,0
14,30,61,48,71,59,53,11,0,0,28,299,10.67857143,2,4547.297,4
14,29,13,14,22,63,12,7,0,0,21,29,1.380952381,0,9790.593,2
14,30,31,33,32,12,0,3,0,0,30,96,3.2,2,2395.674,2
3,3,7,3,2,0,0,10,0,0,1,2,2,0,0,7
12,27,23,14,14,0,0,3,0,0,4,5,1.25,1,548.136,1
1,1,0,0,0,1,0,4,0,0,0,0,0,0,0,2
8,18,3,3,11,14,5,17,634,0,0,0,0,0,0,6
6,15,0,0,0,1,0,4,0,0,0,0,0,0,0,3
1,3,0,0,0,2,0,10,0,0,0,0,0,0,0,0
12,24,5,12,22,0,0,3,0,0,6,9,1.5,0,5021.878,3
2,5,0,0,0,157,71,7,637,88,0,0,0,0,0,2
11,23,15,17,20,8,1,7,0,0,18,27,1.5,8,1710.605,1
4,11,0,0,3,34,29,9,10,0,8,13,1.625,2,0,6
14,30,43,30,34,4,0,3,0,0,28,36,1.285714286,1,20174.586,3
10,25,0,0,35,0,0,7,0,0,21,84,4,7,7.543,4
14,30,30,27,29,596,19,12,0,0,30,177,5.9,3,20888.223,7
1,1,0,0,0,0,0,17,0,0,0,0,0,0,0,1
14,30,76,49,60,1,0,19,0,0,3,3,1,0,10415.082,2
14,30,35,29,36,0,0,18,6,0,1,1,1,0,2438.468,2
13,29,1,4,10,0,0,24,0,0,17,20,1.176470588,1,4168.837,3
5,7,1,1,1,5,0,19,0,0,0,0,0,0,0,6
14,30,23,23,21,12,3,4,538,0,12,16,1.333333333,4,6590.412,7
14,30,66,80,99,4,1,4,0,0,29,65,2.24137931,3,4569.863,5
14,30,35,57,80,5,5,14,0,0,28,43,1.535714286,0,3527.307,4
0,1,0,0,0,10,6,7,2,0,0,0,0,0,0,3
5,13,6,6,15,7,2,6,39,0,5,6,1.2,1,7733.333,7
14,14,46,52,31,1,0,9,0,0,15,43,2.866666667,14,0,7
1,1,0,0,0,2,2,9,0,0,0,0,0,0,0,4
14,30,180,178,217,45,42,7,0,0,8,13,1.625,2,13319.259,3
14,30,90,108,140,391,215,5,0,0,27,42,1.555555556,4,1263.8,6
14,30,27,23,38,331,286,9,1207,0,11,13,1.181818182,0,2214.178,7
2,3,0,0,0,0,0,9,0,0,2,3,1.5,0,0,5
10,22,2,10,7,6,0,5,0,0,4,5,1.25,0,0,7
12,28,0,4,5,5,1,6,0,0,27,63,2.333333333,2,139.685,3
8,22,27,17,27,148,0,5,0,1,5,5,1,0,0,6
6,6,16,8,4,1,0,5,0,0,4,11,2.75,2,10098.599,5
14,30,145,171,205,88,45,5,6,2,14,20,1.428571429,2,31572.207,7
14,30,7,8,8,24,7,6,2,0,30,345,11.5,2,3800.866,4
14,30,60,59,72,383,201,7,0,0,29,79,2.724137931,3,2082.92,5
12,27,4,4,8,3,0,7,0,0,22,26,1.181818182,1,1765.152,5
14,30,74,63,97,4,2,7,0,0,5,5,1,4,8139.254,6
14,30,12,15,21,0,0,4,0,0,30,63,2.1,1,8387.784,4
11,22,24,14,16,18,5,4,0,0,1,1,1,0,286.878,1
5,5,1,0,0,0,0,4,0,0,6,19,3.166666667,6,61.639,5
14,30,25,57,77,5,3,5,0,0,30,354,11.8,6,12394.835,5
14,30,36,48,70,26,15,7,0,0,30,275,9.166666667,0,16657.449,7
14,30,17,14,29,2,1,9,0,0,26,45,1.730769231,3,4097.683,7
14,30,62,58,61,1,1,12,14,2,20,27,1.35,2,7267.203,0
8,19,21,14,20,5,1,12,2,0,1,1,1,0,8765.33,4
10,17,60,50,45,47,26,0,740,10,6,11,1.833333333,3,19456.883,4
6,6,63,31,19,6,6,21,0,0,4,11,2.75,1,0,4
5,9,0,0,0,37,10,8,0,0,1,1,1,0,0,0
14,30,49,38,44,16,3,7,0,0,30,87,2.9,2,12759.991,3
14,30,13,12,29,0,0,6,39,0,30,48,1.6,1,0,1
2,12,6,3,12,0,0,6,0,0,0,0,0,0,852.547,3
14,30,70,82,105,5,5,10,0,0,28,34,1.214285714,2,2523.473,6
11,22,15,29,30,0,0,3,0,0,4,10,2.5,0,0,3
14,30,81,84,105,10,6,12,0,0,30,112,3.733333333,11,23776.128,6
11,26,94,104,149,0,0,7,0,0,23,164,7.130434783,10,14231.041,3
14,30,9,8,9,1,1,13,0,0,30,913,30.43333333,10,9271.862,2
14,29,37,43,38,3,0,9,0,0,28,43,1.535714286,0,3490.885,3
14,30,55,66,82,1,0,17,0,0,5,6,1.2,1,13515.47,3
14,30,37,62,64,10,7,10,0,0,26,80,3.076923077,4,21276.965,0
14,30,95,80,97,7,0,12,0,0,3,3,1,1,773.213,4
11,26,1,5,5,12,10,4,0,2,21,26,1.238095238,1,1773.097,4
6,18,4,10,21,385,182,10,0,0,2,2,1,1,0,2
8,12,4,5,6,8,2,7,4,3,1,1,1,0,0,7
14,30,53,51,63,13,5,13,0,0,28,50,1.785714286,24,81.782,5
14,30,7,4,8,20,20,17,0,0,3,3,1,0,178.191,4
14,29,41,57,77,2,1,4,0,0,29,58,2,5,6747.009,7
0,0,0,0,0,0,0,5,0,0,0,0,0,0,2709.994,3
8,19,10,20,36,1,1,11,0,0,0,0,0,0,0,6
14,28,21,29,30,43,1,5,0,0,0,0,0,0,0,2
14,30,204,155,196,630,322,6,0,0,11,15,1.363636364,0,27062.507,6
14,29,11,12,11,5,1,7,0,0,5,8,1.6,0,1581.705,1
5,16,1,0,6,1,1,13,0,0,0,0,0,0,0,5
14,30,24,17,28,82,54,14,11,0,30,244,8.133333333,4,4952.262,7
14,30,32,34,36,3,1,5,0,0,18,26,1.444444444,1,8823.551,3
14,30,16,19,27,0,0,3,0,0,30,88,2.933333333,1,4105.731,5
9,18,1,9,9,15,5,2,0,0,14,22,1.571428571,1,0,2
4,8,0,0,0,4,4,10,0,0,1,1,1,0,0,0
13,28,7,8,14,0,0,5,0,0,1,1,1,1,5267.109,6
14,30,43,32,48,41,6,14,0,0,26,31,1.192307692,1,5110.76,3
14,30,7,8,8,10,1,9,0,0,29,139,4.793103448,6,159.006,2
14,30,77,84,92,299,108,6,4,2,29,52,1.793103448,2,3707.128,3
14,30,51,67,86,106,89,6,41,0,20,37,1.85,4,4652.096,1
3,3,11,5,3,0,0,5,0,0,1,2,2,0,0,6
1,2,0,0,0,6,2,7,0,0,0,0,0,0,0,0
14,24,71,60,56,0,0,16,0,0,25,149,5.96,5,7951.542,4
9,22,11,15,20,0,0,4,0,0,9,17,1.888888889,0,0,6
1,4,0,0,0,3,3,3,0,0,0,0,0,0,0,5
14,30,14,9,11,2,0,6,0,0,30,44,1.466666667,0,558.587,3
12,28,14,9,15,0,0,3,0,0,27,35,1.296296296,0,1512.565,5
3,8,1,1,3,2,0,10,0,0,1,2,2,0,1901.172,2
3,3,5,2,1,1,0,10,1,0,4,32,8,3,0,0
6,18,7,4,20,5,0,4,0,0,2,3,1.5,0,4175.488,4
11,14,46,44,39,9,2,2,0,0,1,1,1,0,12453.731,5
14,30,29,18,33,37,15,19,0,0,28,32,1.142857143,0,1650.744,2
1,1,0,0,0,0,0,7,0,0,0,0,0,0,0,3
14,29,13,10,14,11,2,3,0,0,29,127,4.379310345,0,4084.096,6
14,30,68,49,40,2,1,13,0,0,1,1,1,0,5895.722,6
14,30,52,46,47,307,137,16,158,0,29,43,1.482758621,4,1307.607,7
14,30,49,58,69,15,15,5,0,0,13,22,1.692307692,3,13613.455,7
14,30,10,23,44,4,3,16,0,1,28,46,1.642857143,4,0,0
14,30,36,41,79,40,10,3,598,8,27,42,1.555555556,1,1920.03,0
14,30,28,28,42,2,1,3,0,0,30,399,13.3,3,17001.873,6
14,30,29,33,43,0,0,8,0,0,20,45,2.25,0,15350.88,6
14,30,162,160,205,16,11,2,0,0,1,1,1,1,0,1
10,26,2,12,42,23,6,6,0,0,24,207,8.625,2,9172.571,6
12,28,0,1,4,5,1,7,0,0,28,86,3.071428571,1,4238.096,4
4,8,1,4,6,0,0,2,0,0,0,0,0,0,0,3
14,30,47,55,133,113,9,31,39,7,30,44,1.466666667,1,1337.506,0
6,15,24,19,45,58,17,5,0,0,4,4,1,0,0,4
13,29,16,20,29,50,25,4,0,0,6,8,1.333333333,2,0,4
8,12,3,4,3,0,0,4,0,0,9,11,1.222222222,0,2096.225,4
6,13,16,16,36,100,61,9,2623,24,8,11,1.375,0,5340.037,7
13,29,8,9,16,11,2,4,0,0,24,25,1.041666667,0,8015.261,1
12,27,10,12,12,16,8,5,0,0,3,6,2,1,7370.043,3
14,30,133,112,151,11,2,3,0,0,23,27,1.173913043,1,9270.467,3
1,3,4,2,1,22,8,12,0,0,1,2,2,0,0,6
9,17,5,4,3,2289,2017,10,25,0,0,0,0,0,560.555,6
14,30,45,66,112,2,0,11,0,0,30,270,9,0,2128.136,4
12,28,14,15,27,2,2,17,0,0,5,7,1.4,2,0,7
14,27,31,36,38,8,4,3,0,0,2,2,1,0,0,5
14,30,31,46,64,21,9,5,193,0,30,130,4.333333333,1,21182.082,7
14,28,16,13,18,0,0,6,0,0,29,450,15.51724138,5,4772.933,0
7,13,15,11,9,16,8,3,0,0,3,4,1.333333333,0,5154.735,5
11,27,6,6,5,5,4,2,0,0,20,61,3.05,1,0,7
13,27,28,29,30,14,2,2,1168,0,0,0,0,0,2990.885,0
13,27,5,10,20,5,4,5,0,0,5,5,1,0,0,1
14,26,37,43,49,3,0,4,0,0,0,0,0,0,7959.269,2
14,30,15,16,20,41,12,4,0,0,14,21,1.5,1,2365.553,4
13,29,1,1,1,0,0,2,0,0,28,44,1.571428571,0,224.303,4
13,17,56,55,37,1,1,4,0,0,11,13,1.181818182,3,7190.245,5
14,30,76,82,105,242,66,11,326,0,30,707,23.56666667,28,11350.127,7
1,2,0,0,0,2,0,21,0,0,0,0,0,0,0,0
7,19,4,3,9,14,2,7,0,0,5,5,1,0,7460.691,6
14,30,54,39,46,32,13,5,0,0,28,38,1.357142857,3,7106.02,7
14,30,2,2,4,10,3,4,0,0,29,106,3.655172414,2,541.825,5
14,29,42,44,46,71,5,10,10,1,24,36,1.5,3,6139.924,7
3,3,3,1,0,0,0,7,0,0,1,2,2,0,0,6
1,1,0,0,0,0,0,5,0,0,0,0,0,0,23.911,3
14,14,61,59,35,1,0,14,0,0,11,38,3.454545455,3,505.325,4
14,29,8,19,22,5,0,4,0,0,29,97,3.344827586,2,2465.283,4
0,1,0,0,0,0,0,19,0,0,0,0,0,0,0,6
14,30,56,60,80,83,13,11,0,0,30,57,1.9,0,3472.333,2
2,6,1,0,4,3,2,12,0,0,1,3,3,1,0,2
14,30,24,34,66,6,2,0,0,0,30,308,10.26666667,10,10328.675,5
14,30,25,22,31,1528,819,3,1654,7,0,0,0,0,0,1
4,16,12,8,8,1,0,4,0,0,12,16,1.333333333,0,0,4
14,30,16,18,28,11,6,9,0,0,2,2,1,1,0,4
14,30,9,17,25,6,2,10,206,0,2,3,1.5,1,3479.817,4
7,12,5,10,10,3,0,5,0,0,3,3,1,2,0,2
1,1,0,0,0,0,0,18,0,0,1,2,2,0,0,5
12,27,2,3,4,3,1,7,0,0,24,35,1.458333333,2,2239.276,7
3,13,0,1,12,54,19,7,0,0,9,112,12.44444444,2,0,3
14,30,13,16,18,10,1,3,0,0,30,337,11.23333333,5,1419.268,1
6,8,6,5,3,1,0,3,0,0,1,1,1,1,137.346,0
14,30,45,42,42,12,2,5,0,0,10,11,1.1,1,11196.42,3
14,28,27,33,39,1,0,6,0,0,16,24,1.5,2,10819.198,4
2,2,0,0,0,0,0,5,0,0,1,1,1,0,0,3
7,10,35,28,19,30,29,14,0,0,3,10,3.333333333,2,11828.459,0
1,9,0,0,3,0,0,3,0,0,1,2,2,0,0,4
3,3,14,7,4,0,0,11,0,0,2,3,1.5,0,0,1
14,30,68,76,123,93,16,3,0,0,15,17,1.133333333,1,19816.952,5
14,30,51,33,32,2,0,24,0,0,13,20,1.538461538,0,605.84,2
1,5,0,0,0,0,0,5,0,0,0,0,0,0,0,5
6,6,15,7,4,4,1,2,0,0,0,0,0,0,0,5
1,1,0,0,0,1,0,13,0,0,1,4,4,0,680.377,3
14,30,52,42,34,10,0,5,0,0,30,479,15.96666667,16,42943.878,4
3,10,5,9,26,10,7,5,0,0,0,0,0,0,0,5
14,30,23,23,29,4,0,5,0,0,30,364,12.13333333,2,8281.163,5
6,16,0,0,2,21,4,5,0,0,0,0,0,0,0,3
14,30,72,71,73,20,1,16,597,0,22,32,1.454545455,2,11008.138,5
14,30,12,14,34,67,32,5,689,0,2,2,1,0,0,5
4,8,1,3,4,2,1,5,0,0,0,0,0,0,0,6
14,30,17,27,42,2,0,5,0,0,30,516,17.2,5,2678.974,3
14,30,178,147,157,4,1,19,0,0,10,22,2.2,3,28219.9,2
13,29,19,17,34,0,0,31,0,0,8,11,1.375,0,2769.843,7
8,8,27,15,9,1,1,5,0,0,9,75,8.333333333,8,2160.011,3
14,30,104,93,127,16,2,12,1,1,12,41,3.416666667,12,23399.663,7
12,28,6,4,16,13,4,12,0,0,20,20,1,0,0,1
14,30,18,12,17,9,6,12,0,0,29,54,1.862068966,2,1801.073,5
13,27,10,11,11,1,1,5,35,0,5,6,1.2,2,2.248,1
14,30,3,4,4,0,0,7,0,0,30,95,3.166666667,7,1697.581,0
14,30,52,43,55,6,1,5,0,0,30,380,12.66666667,5,27179.32,5
13,28,17,14,14,6,2,6,60,0,0,0,0,0,0,3
2,3,0,0,0,2,1,14,0,0,1,2,2,0,0,3
5,21,0,1,12,7,4,7,0,0,12,17,1.416666667,3,0,2
14,30,19,19,21,2,0,9,0,0,30,271,9.033333333,15,6732.959,5
12,27,37,60,57,0,0,6,0,0,24,58,2.416666667,3,26864.167,3
5,12,0,0,0,20,2,4,0,0,1,1,1,0,0,2
5,5,0,0,0,0,0,9,0,0,1,1,1,0,0,5
7,16,113,71,102,0,0,6,0,0,5,6,1.2,3,16467.268,1
13,29,81,62,67,8,5,17,20,4,2,3,1.5,0,8505.963,2
13,28,11,11,23,18,15,6,0,0,0,0,0,0,358.151,0
13,28,23,18,16,47,12,7,1059,0,2,2,1,0,0,4
14,30,47,43,47,11912,407,18,51,47,0,0,0,0,0,3
12,25,4,4,6,0,0,6,0,0,19,23,1.210526316,1,2364.831,1
5,7,7,7,5,4,1,3,0,0,2,2,1,0,0,6
1,6,0,0,0,0,0,11,0,0,4,5,1.25,0,0,3
14,30,163,142,237,33,10,4,0,0,7,9,1.285714286,3,11027.352,0
14,30,44,54,82,200,5,8,6721,0,0,0,0,0,0,6
14,29,16,38,32,5,1,9,0,0,0,0,0,0,6877.716,5
1,2,0,0,0,7,1,13,0,0,1,3,3,1,0,7
3,4,0,0,0,23,7,6,0,0,1,1,1,0,164.491,1
3,8,16,9,8,6,4,5,0,0,5,6,1.2,1,7270.82,3
14,30,14,16,29,54,10,4,1,0,23,31,1.347826087,1,2040.042,7
6,6,0,2,1,0,0,7,0,0,6,11,1.833333333,0,0,1
14,29,17,14,11,1,0,13,0,0,28,66,2.357142857,2,2878.368,6
14,30,41,29,51,111,82,4,0,0,30,63,2.1,1,562.747,4
14,28,18,15,20,2,2,5,0,0,27,125,4.62962963,2,26755.434,2
2,5,0,0,0,5,2,4,0,0,3,7,2.333333333,0,0,7
7,17,0,20,35,26,7,23,0,0,2,3,1.5,0,0,7
14,30,33,44,33,31,30,5,390,0,0,0,0,0,7420.397,5
14,30,4,3,3,9,8,5,0,0,30,221,7.366666667,16,12886.691,3
14,30,38,33,41,88,22,19,4002,40,6,14,2.333333333,0,0,5
14,30,34,49,62,5,1,5,0,0,29,41,1.413793103,1,25978.79,7
5,6,0,0,0,2,0,24,0,0,7,7,1,0,5190.237,4
4,9,0,2,2,3,0,9,0,0,0,0,0,0,2840.551,0
13,15,25,69,53,2,0,4,19,2,15,136,9.066666667,6,0,0
10,22,3,4,5,48,28,13,0,0,5,11,2.2,0,3450.221,2
14,30,134,116,131,39,6,3,0,0,27,31,1.148148148,0,9526.989,3
14,29,33,31,32,180,146,5,0,0,3,5,1.666666667,0,8896.759,5
2,4,0,0,0,139,5,3,0,0,0,0,0,0,0,0
14,30,12,9,10,16,7,4,0,0,30,75,2.5,0,10335.025,4
14,30,5,11,13,86,75,4,434,11,30,106,3.533333333,1,3127.361,7
14,30,55,58,70,115,51,31,56,5,26,32,1.230769231,0,9717.506,1
14,30,44,58,59,59,10,5,0,0,28,66,2.357142857,4,11564.833,2
1,1,0,0,0,7,0,10,0,0,0,0,0,0,3.497,6
14,30,17,21,31,13,6,5,5,0,28,313,11.17857143,0,6486.178,2
10,22,7,20,23,12,5,5,0,0,2,2,1,0,0,0
14,30,19,17,21,6,6,3,0,0,16,20,1.25,2,0,7
14,30,103,113,146,1930,22,12,0,1,28,42,1.5,4,18233.853,7
10,18,49,61,61,3,0,4,0,0,15,36,2.4,3,17972.803,7
10,17,4,16,23,736,504,4,153,1,5,5,1,1,0,3
11,19,22,25,20,0,0,9,0,0,0,0,0,0,2597.108,3
1,3,0,0,2,0,0,5,0,0,0,0,0,0,0,4
14,30,28,20,34,53,29,4,0,0,30,292,9.733333333,3,6232.516,3
8,9,0,0,0,8,3,8,0,0,0,0,0,0,1072.022,6
14,29,82,100,98,24,5,3,0,0,29,51,1.75862069,1,11285.558,3
12,20,38,56,43,3,3,7,1,0,2,2,1,1,0,0
14,30,21,16,19,5,5,5,0,0,25,59,2.36,1,0,7
14,30,0,0,0,0,0,14,0,0,30,30,1,0,376.27,1
14,30,3,3,4,21,6,17,0,0,28,70,2.5,5,3517.738,2
13,29,12,15,22,7,0,8,0,0,22,34,1.545454545,3,2833.882,3
14,30,91,77,74,13,0,5,0,0,15,17,1.133333333,0,4684.327,5
14,30,159,128,101,11,5,12,66,5,10,12,1.2,2,0,0
1,3,0,0,4,10,0,5,0,0,1,1,1,1,0,7
1,1,0,0,0,8,1,10,0,0,1,1,1,0,0,0
14,30,34,36,31,8,1,24,0,0,0,0,0,0,28.703,7
6,6,32,16,9,12,3,9,0,0,2,5,2.5,0,0,7
10,10,63,33,19,1,0,11,0,0,11,34,3.090909091,2,6877.64,3
14,30,28,27,44,174,123,7,1254,7,0,0,0,0,0,3
14,30,40,51,63,5,1,11,0,0,30,259,8.633333333,3,7306.965,7
12,27,105,95,117,5,0,12,0,0,15,25,1.666666667,3,7512.628,5
13,29,4,6,13,15,3,9,12,0,28,43,1.535714286,3,4964.731,0
10,19,0,0,0,8,3,5,0,0,19,23,1.210526316,0,70.13,0
14,30,24,21,18,12,1,3,0,0,30,184,6.133333333,6,0,0
14,30,9,12,15,1,1,6,0,0,30,256,8.533333333,9,4199.446,7
14,29,55,69,79,11,0,8,0,0,13,16,1.230769231,3,17463.388,6
14,30,27,26,29,5,0,5,6,1,29,133,4.586206897,27,11103.219,1
9,13,1,0,0,3,2,9,35,0,1,1,1,0,0,4
10,12,0,1,1,3,2,16,0,0,2,2,1,0,0,2
11,25,27,15,20,126,103,5,0,0,0,0,0,0,0,3
12,26,31,34,48,13,8,19,0,0,0,0,0,0,4684.234,2
4,14,1,1,2,3,0,5,0,0,8,14,1.75,0,0,0
0,0,0,0,0,0,0,5,0,0,0,0,0,0,0,0
14,30,14,10,19,95,1,8,0,0,28,44,1.571428571,1,0,4
11,22,6,8,10,3,1,6,0,0,0,0,0,0,698.739,4
14,29,73,53,54,22,22,6,49,0,11,15,1.363636364,1,27414.966,0
14,30,30,32,53,30,10,16,0,0,27,46,1.703703704,1,21848.154,4
14,30,77,63,75,18,1,23,0,0,13,13,1,0,11768.55,2
14,30,23,25,32,13,10,13,0,0,30,297,9.9,15,6812.375,6
2,2,0,0,0,0,0,29,0,0,1,1,1,0,0,5
14,30,43,46,49,32,10,11,2753,20,0,0,0,0,0,2
14,30,13,12,12,12,3,6,0,0,30,360,12,4,6157.802,5
14,30,10,6,4,0,0,7,0,0,30,126,4.2,2,1831.515,7
12,27,201,112,123,13,2,7,0,0,20,26,1.3,0,16066.098,3
10,22,1,10,11,1,1,5,0,0,3,3,1,0,4868.929,5
11,27,23,13,32,17,5,5,0,0,3,3,1,1,0,5
14,30,84,112,125,11,5,12,0,0,17,20,1.176470588,0,19176.982,3
14,29,51,71,88,8,4,2,0,0,9,12,1.333333333,0,6027.733,0
8,14,12,6,3,0,0,7,0,0,4,4,1,1,6.705,2
14,30,40,36,44,5,3,7,0,0,30,116,3.866666667,5,26158.66,6
14,30,98,111,132,2,1,11,0,0,28,40,1.428571429,1,25696.505,5
11,20,24,20,19,16,4,5,0,0,3,4,1.333333333,1,480.028,4
11,13,3,17,10,71,39,5,0,0,0,0,0,0,0,0
14,30,132,134,132,10,0,23,0,0,2,2,1,0,12278.475,2
14,30,110,124,110,8,1,2,0,0,2,3,1.5,0,4245.286,6
14,30,56,54,65,64,49,5,0,0,23,25,1.086956522,1,22967.472,2
13,24,99,104,102,1,1,3,0,0,2,2,1,0,9017.811,5
1,1,0,0,0,10,0,4,0,0,1,2,2,0,0,1
3,7,1,0,0,1,0,5,0,0,0,0,0,0,0,1
12,24,6,10,9,3,2,5,0,0,10,26,2.6,1,2951.448,3
14,30,15,21,24,51,24,9,0,0,24,32,1.333333333,0,6128.932,6
13,29,39,52,54,27,25,7,0,0,28,158,5.642857143,1,5128.765,7
14,30,63,73,80,92,78,11,1532,2,1,1,1,0,668.053,4
13,26,5,7,11,61,26,13,0,0,1,1,1,0,0,0
12,19,0,1,1,0,0,2,0,0,1,1,1,0,0,1
14,30,99,87,150,83,56,7,0,3,2,2,1,1,24688.588,1
13,27,62,39,31,333,241,5,0,0,13,18,1.384615385,1,0,1
10,14,2,2,1,1,0,6,2,0,9,25,2.777777778,0,1681.988,5
14,30,1,1,4,32,20,24,5,12,1,1,1,0,0,3
2,12,3,1,18,0,0,5,13,4,0,0,0,0,0,3
14,30,89,60,70,17,8,9,33,11,30,142,4.733333333,4,8256.359,4
14,30,22,23,35,0,0,6,0,0,1,2,2,0,0,0
14,30,44,41,52,5,1,3,0,0,4,4,1,0,7556.013,1
13,29,7,14,24,32,0,14,1066,1,5,5,1,0,0,4
13,29,28,29,33,3,0,6,75,0,28,32,1.142857143,0,2755.916,2
14,30,44,54,90,3,2,12,0,0,5,7,1.4,2,11002.742,4
2,4,1,0,0,25,23,10,0,0,3,3,1,1,0,1
10,17,18,26,38,1,1,4,0,0,2,2,1,0,0,3
14,30,73,57,72,52,32,24,0,0,1,1,1,0,12645.413,5
14,30,77,94,130,441,186,4,1952,9,30,79,2.633333333,8,0,2
14,30,37,38,53,2,0,4,0,0,10,13,1.3,0,19538.618,2
14,30,74,69,74,0,0,4,0,0,23,24,1.043478261,0,8350.615,4
14,30,1,2,5,8,1,5,0,0,30,59,1.966666667,0,2603.893,1
13,28,87,79,103,15,0,9,238,0,0,0,0,0,0,2
14,30,76,97,117,21,1,9,0,11,30,65,2.166666667,3,4647.241,7
11,20,74,60,56,888,5,16,0,0,6,7,1.166666667,1,0,4
14,30,76,67,84,11,8,7,0,0,0,0,0,0,13494.062,5
13,28,46,26,34,1,0,9,0,0,11,18,1.636363636,1,1576.286,0
3,6,0,4,3,70,53,16,68,0,0,0,0,0,0,3
14,29,7,11,12,9,0,6,0,0,22,25,1.136363636,1,2115.291,6
14,30,14,15,18,11,9,5,0,0,30,385,12.83333333,5,1992.144,4
4,7,0,0,0,0,0,7,0,0,0,0,0,0,0,5
5,5,125,62,37,19,18,24,0,0,6,9,1.5,0,32273.156,0
6,20,10,15,91,36,9,7,19,7,9,10,1.111111111,2,13575.906,1
6,18,3,6,12,1,0,7,0,0,3,3,1,0,0,4
10,20,10,8,7,4,1,5,5,0,2,2,1,0,14103.524,6
13,29,22,14,22,43,12,4,0,0,1,1,1,0,12855.481,4
9,22,2,3,10,3,0,11,0,0,1,1,1,0,0,3
8,18,7,4,4,0,0,3,27,4,3,3,1,3,1103.438,1
12,18,45,36,45,1,0,12,0,0,11,29,2.636363636,5,6107.471,1
1,2,0,0,0,0,0,3,0,0,0,0,0,0,8530.817,3
14,30,90,123,111,25,24,7,0,0,25,44,1.76,2,9314.674,5
14,30,12,20,24,2329,859,4,2143,58,0,0,0,0,0,1
14,30,107,91,114,42,22,7,2,0,18,28,1.555555556,4,23353.023,2
8,18,22,34,34,10,8,10,0,0,3,5,1.666666667,0,1410.925,0
14,30,5,9,22,62,19,6,579,0,28,48,1.714285714,2,4185.477,6
14,30,51,69,106,41,15,5,0,0,8,9,1.125,0,1765.494,0
14,30,118,164,239,2,0,14,49,0,29,241,8.310344828,16,13883.514,4
14,30,31,25,29,115,75,4,309,11,29,160,5.517241379,4,2880.237,0
14,29,59,55,64,2,2,5,0,0,23,47,2.043478261,4,14897.564,3
1,1,2,1,0,0,0,6,0,0,0,0,0,0,1161.655,4
6,10,0,1,2,2,0,4,0,0,0,0,0,0,2491.655,6
6,11,18,32,28,8,3,7,0,0,2,3,1.5,1,1942.674,1
14,30,47,56,73,23,7,9,0,0,30,152,5.066666667,1,12312.004,1
7,13,1,4,6,0,0,10,0,0,3,4,1.333333333,0,0,5
6,19,0,1,4,1,1,7,0,0,11,16,1.454545455,0,1768.187,1
14,30,19,17,25,17,8,8,0,0,29,66,2.275862069,10,1286.231,0
12,24,35,22,18,6,1,8,0,0,6,9,1.5,1,829.336,2
14,29,5,7,10,2,1,12,0,0,29,31,1.068965517,0,240.002,1
14,30,110,156,200,8,1,7,0,0,30,195,6.5,1,3204.231,6
9,19,2,2,4,21,9,5,0,0,10,14,1.4,0,0,3
14,30,30,26,60,1,1,16,0,0,2,3,1.5,2,9894.329,6
14,30,138,106,122,423,394,6,1,0,30,187,6.233333333,15,4975.03,7
14,30,89,78,88,25,24,16,0,0,1,1,1,1,21101.762,5
14,30,58,60,79,9,4,5,0,0,28,60,2.142857143,1,29419.065,2
14,30,176,172,203,135,73,4,0,0,13,14,1.076923077,0,9333.135,1
14,30,22,22,27,3,3,31,0,0,8,15,1.875,4,9547.098,1
14,30,82,138,181,42,13,6,0,0,16,24,1.5,0,22975.708,4
14,29,38,34,33,36,28,8,0,0,27,41,1.518518519,2,4311.31,6
14,30,31,30,37,4,0,5,0,0,26,29,1.115384615,2,4103.421,2
4,9,0,0,4,1,0,12,0,0,2,2,1,1,0,5
14,25,94,87,62,9,3,7,0,0,0,0,0,0,1961.474,0
10,20,45,41,66,3,3,10,0,0,7,10,1.428571429,2,2169.165,6
7,9,4,7,6,0,0,6,0,0,0,0,0,0,0,7
14,30,52,96,173,894,741,0,35,90,6,16,2.666666667,3,0,5
9,22,6,20,37,21,6,18,0,0,3,3,1,0,0,1
4,12,0,0,3,0,0,3,0,0,5,9,1.8,5,0,1
13,27,44,74,83,6,2,7,0,0,4,5,1.25,0,8620.926,0
14,30,72,58,60,135,95,12,0,0,29,74,2.551724138,11,2565.863,2
14,30,10,18,22,2,1,5,0,0,27,39,1.444444444,1,4721.076,5
13,28,11,21,27,0,0,5,0,0,3,3,1,1,7995.021,7
12,25,30,24,33,2,0,6,0,0,0,0,0,0,1587.821,2
13,28,2,3,4,47,28,12,0,0,24,33,1.375,1,1857.777,2
7,12,6,22,25,2,2,13,0,0,6,14,2.333333333,2,6151.738,6
14,24,87,74,50,27,13,5,0,0,25,167,6.68,8,3959.369,3
9,20,8,13,20,0,0,5,0,0,20,25,1.25,2,0,3
6,7,15,10,6,0,0,12,100,0,0,0,0,0,0,4
14,30,12,9,12,39,14,14,0,0,0,0,0,0,0,5
14,30,10,9,13,2,1,5,0,0,2,2,1,0,2073.224,6
9,18,2,1,2,1,0,27,0,0,0,0,0,0,0,3
10,24,20,12,15,17,10,9,0,0,5,8,1.6,0,0,0
14,30,3,4,4,0,0,8,0,0,30,75,2.5,21,2945.602,7
14,30,50,40,69,280,244,15,374,17,12,81,6.75,1,4194.636,4
6,13,5,9,18,0,0,5,0,0,3,3,1,0,2253.339,2
5,5,73,36,22,4,4,5,0,0,3,5,1.666666667,2,7268.445,6
14,30,59,58,66,65,13,2,0,0,6,6,1,0,5024.061,6
14,29,24,28,28,25,3,16,0,0,25,32,1.28,0,1969.645,5
14,30,47,44,55,69,32,9,0,0,30,86,2.866666667,0,4299.438,0
14,29,21,20,24,10,3,27,0,0,28,28,1,0,914.79,2
14,30,153,104,108,2794,2703,7,0,0,29,39,1.344827586,5,7197.535,7
3,7,4,2,3,1,0,11,0,0,1,1,1,0,924.885,3
14,30,88,71,82,4,2,12,0,0,11,17,1.545454545,1,4830.614,6
1,1,0,0,0,0,0,18,0,0,1,1,1,0,0,4
14,30,31,34,71,160,121,10,354,1,30,118,3.933333333,9,11626.204,4
13,28,21,19,28,5,2,7,0,0,18,20,1.111111111,1,263.749,7
14,30,53,36,38,1411,1040,10,0,0,0,0,0,0,16846.071,0
12,27,15,14,19,39,26,12,737,0,1,1,1,0,2599.058,6
14,30,20,17,32,1,1,6,0,0,30,44,1.466666667,1,9061.858,0
1,5,0,0,8,0,0,0,0,0,1,1,1,0,0,6
4,8,0,0,0,36,25,8,0,0,0,0,0,0,0,7
13,27,3,4,10,12,6,5,0,11,14,42,3,0,0,0
14,30,46,41,55,6,1,17,0,0,28,82,2.928571429,1,7595.015,5
14,25,107,88,90,148,21,31,2,0,25,153,6.12,0,12474.046,4
14,30,203,146,149,6,1,3,0,0,26,72,2.769230769,2,7544.588,1
14,30,109,119,108,61,14,10,0,0,29,56,1.931034483,0,20498.848,7
10,18,55,85,70,7,3,5,0,0,10,17,1.7,3,12920.789,0
7,16,19,30,46,5,3,5,0,0,4,7,1.75,1,12977.479,1
11,15,16,25,20,4,2,5,6,0,13,24,1.846153846,9,0,2
11,27,0,0,0,1,1,9,0,0,26,37,1.423076923,1,173.571,1
13,25,23,33,34,28,11,9,0,0,7,9,1.285714286,3,4465.473,1
2,3,7,3,2,2,1,5,0,0,2,2,1,1,0,2
11,22,0,12,8,1,1,9,0,0,9,16,1.777777778,2,0,3
4,12,3,3,7,6,3,21,0,0,5,7,1.4,1,0,1
8,17,15,9,11,1,0,11,0,0,1,2,2,1,0,3
13,29,14,19,32,2,1,10,0,0,8,9,1.125,1,9872.249,4
5,5,2,4,2,0,0,12,0,0,0,0,0,0,0,1
10,17,2,5,3,5,1,15,0,0,0,0,0,0,0,3
14,30,36,38,56,1399,151,20,0,0,0,0,0,0,1163.702,6
1,1,0,0,0,0,0,5,0,0,0,0,0,0,0,7
1,1,0,0,0,3,0,4,0,0,0,0,0,0,0,7
14,30,55,56,78,347,195,5,61,0,29,66,2.275862069,1,3176.965,4
14,30,5,8,7,3,1,8,0,0,27,53,1.962962963,3,158.611,5
14,30,71,81,93,27,7,5,121,2,3,3,1,0,21102.784,3
14,30,12,13,16,10,4,5,0,0,29,53,1.827586207,0,823.948,1
8,19,56,60,78,5,5,6,0,0,8,17,2.125,1,7217.956,4
14,30,26,23,27,12,4,24,2,0,3,3,1,0,874.295,7
14,30,41,47,64,377,365,4,0,0,22,28,1.272727273,1,13116.05,2
14,30,67,55,59,107,7,7,0,0,27,38,1.407407407,0,8130.433,0
11,18,84,57,59,2,2,7,0,0,7,9,1.285714286,1,12256.214,2
4,8,0,0,1,3,1,0,0,0,1,1,1,0,0,0
3,3,0,0,0,17,2,6,0,0,2,2,1,2,0,1
0,1,0,0,0,2,0,5,0,0,0,0,0,0,421.52,3
14,30,1,2,2,0,0,6,0,0,30,103,3.433333333,7,3433.842,7
14,30,86,84,90,907,540,4,0,0,17,26,1.529411765,0,0,1
14,29,45,53,63,1,0,12,0,0,27,72,2.666666667,4,7354.548,4
3,9,1,0,0,8,1,14,0,0,3,4,1.333333333,1,0,0
14,30,49,56,83,13,3,4,0,0,11,18,1.636363636,0,10245.744,1
7,13,50,25,43,35,25,5,0,0,11,18,1.636363636,1,13819.789,4
14,30,276,205,267,426,264,3,0,0,2,2,1,0,5613.088,3
5,15,3,1,8,24,8,8,0,0,2,3,1.5,0,0,7
5,8,3,2,2,14,7,5,0,0,1,1,1,0,0,0
7,15,30,48,78,615,573,8,0,0,4,6,1.5,0,0,6
12,27,3,2,7,0,0,4,0,0,26,112,4.307692308,5,245.87,5
11,21,45,37,49,90,3,4,0,0,8,8,1,0,0,2
3,14,13,8,8,0,0,8,0,0,2,2,1,0,0,2
14,30,54,41,32,3,0,4,0,0,30,40,1.333333333,1,4073.563,1
14,30,152,147,174,12,0,7,0,0,29,357,12.31034483,1,998.147,6
14,30,51,42,37,5,0,2,0,0,20,54,2.7,3,3003.812,1
14,30,75,50,53,2,1,11,0,0,3,4,1.333333333,3,0,0
14,26,7,8,10,0,0,14,5,1,1,1,1,0,3049.535,6
2,3,0,0,0,0,0,13,0,0,0,0,0,0,0,5
9,21,27,29,43,1,1,10,0,0,8,15,1.875,2,19783.902,6
5,15,2,1,10,41,21,5,0,0,1,1,1,0,4139.47,3
0,0,0,0,0,0,0,3,0,0,1,4,4,0,0,1
14,30,5,3,5,1,1,9,0,0,29,54,1.862068966,0,676.729,5
14,30,97,85,90,2132,7,11,0,0,28,44,1.571428571,2,13625.287,5
14,22,30,22,16,1,0,6,0,0,10,13,1.3,3,32501.266,5
8,19,7,5,5,0,0,5,0,0,0,0,0,0,0,2
4,4,54,27,16,0,0,5,0,0,5,73,14.6,2,15.848,2
14,30,172,163,162,243,74,3,0,0,11,13,1.181818182,2,3249.418,6
10,13,38,33,27,12,10,5,1165,9,4,11,2.75,1,24528.903,5
14,30,165,168,214,16,6,7,0,0,30,1099,36.63333333,23,11584.647,2
9,18,11,10,11,35,14,9,0,0,4,5,1.25,0,1607.712,1
11,25,15,13,19,11,0,4,0,0,2,2,1,0,2733.958,6
2,2,7,3,2,20,0,19,0,0,1,1,1,0,0,4
14,30,20,21,30,0,0,8,0,0,28,33,1.178571429,1,4072.77,0
14,29,34,33,62,12,5,5,0,0,7,8,1.142857143,0,9276.467,7
10,21,0,1,1,5,0,40,0,0,19,22,1.157894737,1,32.18,0
14,30,28,28,26,0,0,6,0,0,0,0,0,0,9695.955,6
9,18,2,2,5,1,1,5,1,0,0,0,0,0,1997.807,2
0,3,0,0,3,0,0,5,0,0,0,0,0,0,0,2
0,0,0,0,0,0,0,18,0,0,1,2,2,0,1813.93,3
7,7,69,34,20,0,0,4,0,0,8,238,29.75,7,20938.3,7
14,30,4,14,24,28,20,13,0,0,10,10,1,0,287.108,5
10,12,5,5,5,0,0,19,0,0,6,10,1.666666667,5,5022.184,3
14,30,70,84,150,48,27,9,0,0,28,44,1.571428571,0,10187.047,3
9,19,3,2,3,0,0,17,0,0,0,0,0,0,48.996,1
14,30,14,13,14,6,6,6,0,0,30,399,13.3,7,26529.001,7
4,4,22,11,6,0,0,5,0,7,4,7,1.75,1,10101.474,4
1,1,0,0,0,0,0,0,0,0,1,1,1,0,0,5
13,24,0,0,0,0,0,4,0,0,9,13,1.444444444,2,561.785,4
11,26,13,16,33,0,0,9,0,0,4,4,1,0,0,6
14,30,30,32,35,0,0,14,0,0,27,35,1.296296296,4,10437.552,2
14,30,59,68,108,20,14,5,0,0,17,22,1.294117647,2,0,0
14,29,48,30,75,31,9,15,27,0,25,28,1.12,1,1323.646,0
10,23,0,1,1,4,2,16,0,0,7,8,1.142857143,2,558.344,6
0,0,0,0,0,0,0,9,0,0,1,4,4,0,0,3
14,29,6,6,7,1,0,4,0,0,29,34,1.172413793,2,6964.22,5
14,30,11,17,44,65,59,3,32,0,5,6,1.2,2,2318.301,2
2,6,0,0,0,11,0,9,27,0,2,5,2.5,0,0,5
14,30,53,88,155,130,108,11,0,0,27,36,1.333333333,0,31613.547,2
14,30,15,12,12,13,9,9,0,0,26,47,1.807692308,2,1728.379,4
12,27,22,22,29,171,36,9,0,0,4,4,1,0,2150.127,5
14,30,33,39,54,18,2,9,0,0,30,137,4.566666667,1,6521.264,5
3,6,0,0,0,2,1,4,0,0,0,0,0,0,0,0
6,6,30,15,9,8,6,10,0,0,6,21,3.5,1,1951.524,2
8,11,0,2,1,18,5,4,0,0,3,4,1.333333333,1,3694.679,4
13,29,33,33,45,19,12,7,0,0,6,6,1,0,198.474,3
3,3,10,5,3,19,8,6,17,3,2,9,4.5,1,0,5
14,30,12,8,8,1,0,7,14,0,30,63,2.1,2,3959.812,7
14,30,71,66,83,111,61,7,0,0,30,411,13.7,0,12475.292,3
14,30,33,25,31,27,5,17,0,0,20,34,1.7,0,26068.687,7
14,30,2,7,19,4,2,7,0,0,30,397,13.23333333,1,2971.03,4
12,28,12,18,31,10,7,3,15,3,23,45,1.956521739,7,147.032,0
14,30,62,44,36,9,4,5,0,0,29,65,2.24137931,4,7008.634,4
13,29,25,100,124,0,0,4,0,0,28,466,16.64285714,8,14675.778,6
13,29,41,31,50,39,20,11,0,0,5,6,1.2,0,2767.562,7
14,30,34,31,35,23,5,5,0,0,30,350,11.66666667,4,37380.406,1
7,22,0,1,2,23,19,6,0,0,17,22,1.294117647,0,296.012,2
9,25,3,2,4,4,1,24,0,0,25,39,1.56,0,120.008,3
14,30,27,59,64,50,9,5,0,0,29,69,2.379310345,5,12356.543,6
1,2,0,0,0,0,0,26,0,0,0,0,0,0,0,3
13,28,16,32,27,0,0,18,3,0,0,0,0,0,6.278,1
13,29,104,72,83,44,41,5,0,0,2,2,1,0,9080.035,6
5,6,0,0,0,10,1,5,0,0,0,0,0,0,0,0
12,27,38,110,164,15,3,14,0,0,4,7,1.75,0,1429.618,2
14,30,18,19,29,0,0,5,0,0,6,7,1.166666667,1,10883.753,2
7,11,0,2,1,1,1,8,0,0,0,0,0,0,0,0
13,29,3,4,6,0,0,13,0,0,21,21,1,0,0,0
1,1,0,0,0,0,0,3,0,0,0,0,0,0,0,2
14,29,26,22,24,8,0,17,0,0,30,67,2.233333333,1,488.142,4
11,27,5,3,4,5,3,10,0,4,1,2,2,1,2370.37,6
9,18,45,35,53,0,0,9,0,0,11,38,3.454545455,2,5016.204,6
5,13,0,0,0,1,1,10,0,6,0,0,0,0,0,7
8,20,1,3,7,15,0,7,0,0,6,10,1.666666667,4,0,7
14,25,17,21,42,1,0,5,0,0,26,243,9.346153846,15,1152.043,2
9,22,2,4,4,2,0,16,0,0,16,27,1.6875,5,172.517,0
14,30,93,77,97,114,54,3,8,2,30,81,2.7,2,362.394,7
14,29,7,8,8,56,22,5,258,0,17,34,2,3,31.606,6
14,30,10,17,25,102,54,12,266,0,1,1,1,0,0,0
14,30,10,13,16,10,0,6,0,0,30,44,1.466666667,0,6480.348,5
2,3,8,4,2,11,1,7,0,0,1,1,1,0,0,2
14,30,125,92,93,58,18,4,0,0,9,9,1,1,0,0
13,29,21,14,15,11,3,3,0,0,29,56,1.931034483,3,5493.821,3
14,29,6,8,10,1,0,4,0,0,15,38,2.533333333,2,0,0
12,28,56,35,43,3,0,3,0,0,0,0,0,0,12644.285,6
14,30,46,48,53,20,2,9,0,0,29,49,1.689655172,2,3917.174,1
14,30,162,175,206,3,1,14,0,0,27,50,1.851851852,4,7397.558,3
1,1,0,0,0,0,0,8,0,0,0,0,0,0,0,2
3,10,0,0,0,2,2,11,0,0,1,1,1,1,0,7
5,5,27,13,8,0,0,5,0,0,0,0,0,0,0,0
14,30,102,85,90,50,6,9,324,0,26,33,1.269230769,1,12447.431,2
4,11,24,19,65,1,1,0,0,0,6,11,1.833333333,1,7136.071,0
14,30,40,52,96,158,82,12,0,0,8,11,1.375,0,29448.852,3
6,22,14,24,55,7,2,12,0,0,3,3,1,0,0,3
13,28,35,36,37,20,4,5,0,0,24,25,1.041666667,2,863.766,6
3,16,0,0,8,130,11,2,1597,23,0,0,0,0,0,0
14,14,29,30,18,2,0,3,1,0,15,88,5.866666667,11,11524.071,5
14,30,201,169,188,141,43,5,588,0,30,394,13.13333333,5,15392.474,0
14,25,49,52,49,3,2,5,0,0,21,25,1.19047619,2,7515.059,0
13,18,15,27,18,3,0,4,0,0,8,25,3.125,4,0,4
14,30,37,45,56,46,18,5,0,3,23,41,1.782608696,1,24896.452,5
14,30,29,47,72,54,8,4,191,21,3,8,2.666666667,1,11850.881,4
9,9,32,38,23,0,0,2,0,0,5,10,2,2,8537.539,7
14,30,110,116,121,4,2,14,0,0,3,4,1.333333333,0,7279.19,1
7,15,0,2,5,2,0,4,0,0,15,38,2.533333333,3,4381.038,5
7,17,6,5,5,2,0,7,0,0,14,23,1.642857143,0,44.618,3
14,30,35,38,42,12,5,14,1421,0,1,1,1,0,0,5
13,24,15,22,26,2,0,6,0,0,21,27,1.285714286,1,0,0
14,30,34,46,49,45,31,8,0,0,18,24,1.333333333,1,3885.087,7
12,27,11,16,21,6,0,18,0,0,0,0,0,0,5254.146,1
14,30,51,48,60,0,0,3,19,0,2,2,1,0,22882.731,7
10,25,10,21,20,11,0,9,0,0,1,1,1,0,1360.243,3
14,30,103,76,64,19,18,5,128,9,13,18,1.384615385,1,0,7
5,6,2,1,1,15,12,31,0,0,0,0,0,0,0,5
2,7,0,0,0,2,0,11,0,0,1,1,1,0,0,1
14,30,66,57,81,16,11,13,0,0,25,38,1.52,1,8414.071,1
14,29,76,79,85,2,2,17,83,3,0,0,0,0,479.721,2
14,30,3,3,4,9,5,5,0,0,30,106,3.533333333,1,1979.39,2
6,14,4,3,5,0,0,5,0,0,0,0,0,0,0,5
14,30,29,24,20,122,31,9,0,0,10,11,1.1,1,4427.796,6
14,30,32,35,43,29,0,9,0,0,5,8,1.6,2,4777.039,1
14,30,73,68,87,5,1,5,0,0,23,31,1.347826087,1,21097.294,2
9,17,0,1,1,0,0,7,0,0,0,0,0,0,0,1
14,30,37,43,33,776,418,14,1144,0,0,0,0,0,194.927,0
13,28,37,38,50,0,0,0,0,0,13,16,1.230769231,2,0,3
14,29,2,2,3,2,2,4,0,0,29,52,1.793103448,2,53.496,0
14,30,16,13,29,72,53,3,258,0,30,284,9.466666667,3,2159.907,3
1,1,0,0,0,4,0,7,0,0,0,0,0,0,0,3
14,30,23,27,44,7,0,9,0,0,0,0,0,0,0,5
14,30,18,16,22,230,157,7,98,0,25,33,1.32,1,3851.984,2
13,29,8,12,16,0,0,18,0,0,28,30,1.071428571,0,2337.008,5
14,30,12,22,35,3,0,11,0,0,4,4,1,0,6736.649,7
9,23,72,54,42,4,1,4,0,0,8,19,2.375,2,12726.232,2
14,17,26,33,26,4,2,6,0,0,13,33,2.538461538,11,2422.061,2
14,30,35,31,36,67,48,31,0,0,23,31,1.347826087,0,2159.792,1
8,16,3,2,3,1,0,3,0,0,3,4,1.333333333,0,0,4
9,22,55,42,57,16,1,4,0,0,20,29,1.45,2,5538.259,4
4,4,3,9,5,0,0,8,0,0,4,8,2,0,0,0
5,6,11,6,3,0,0,6,0,0,5,14,2.8,4,1685.542,1
8,15,0,3,5,141,111,11,4,0,9,23,2.555555556,3,16373.357,7
13,25,26,18,14,0,0,13,0,0,24,28,1.166666667,1,175.674,5
13,29,10,10,14,0,0,3,0,0,29,118,4.068965517,28,7438.552,6
14,30,25,24,33,46,16,5,2210,0,0,0,0,0,0,1
14,30,110,133,179,176,153,6,0,1,17,45,2.647058824,4,0,0
10,23,50,36,40,22,3,11,0,0,10,16,1.6,0,18390.961,4
14,30,19,16,15,3,0,9,0,0,29,32,1.103448276,1,3154.518,1
10,18,52,47,65,9,8,6,0,0,0,0,0,0,17239.938,2
3,5,0,1,0,8,0,5,0,0,0,0,0,0,0,2
13,29,2,8,28,2,0,6,0,0,15,21,1.4,3,18.731,7
3,4,0,0,0,2,0,11,0,0,1,2,2,0,0,3
14,29,37,32,32,0,0,13,0,0,29,69,2.379310345,5,1637.826,6
14,30,91,74,90,39,22,5,0,0,30,202,6.733333333,1,7291.568,3
3,5,0,0,0,12,0,31,12,0,1,2,2,0,0,6
3,9,0,0,0,0,0,8,0,0,5,5,1,0,0,2
14,22,268,286,233,13,2,9,0,0,19,27,1.421052632,0,25063.267,4
14,30,28,30,37,8,0,9,0,0,0,0,0,0,6666.488,5
2,9,0,5,10,8,5,3,0,0,0,0,0,0,0,7
5,12,1,2,6,11,8,8,0,0,3,4,1.333333333,0,0,0
12,22,33,37,42,31,16,9,0,0,2,2,1,0,0,2
7,9,17,9,7,9,6,5,0,0,1,1,1,0,0,0
14,30,57,65,100,28,2,12,0,0,24,35,1.458333333,2,958.435,3
14,30,91,89,114,36,21,6,0,0,13,17,1.307692308,1,11988.561,5
10,25,3,5,12,0,0,3,0,0,4,4,1,0,8887.654,2
10,15,3,7,7,2,0,4,0,0,2,2,1,1,5571.268,1
14,30,3,7,8,14,11,14,298,0,26,38,1.461538462,5,326.008,2
14,30,82,88,97,804,49,6,0,0,11,15,1.363636364,3,5636.129,7
14,30,68,59,79,61,33,3,0,0,26,34,1.307692308,2,7465.364,2
10,17,22,14,16,18,8,5,0,0,7,9,1.285714286,0,2251.408,2
9,14,0,1,1,3,0,14,0,0,1,1,1,0,0,4
10,17,34,91,79,11,0,13,0,0,10,55,5.5,10,0,1
13,29,2,2,4,5,1,9,0,0,0,0,0,0,2807.124,2
1,3,2,1,1,4,0,12,0,0,0,0,0,0,0,5
1,1,0,0,0,1,0,7,0,0,1,1,1,0,0,5
9,19,27,15,19,1,0,0,0,0,11,15,1.363636364,2,207.331,1
14,30,17,16,20,2,0,8,0,0,30,473,15.76666667,14,4736.587,0
12,26,32,30,24,11,6,17,0,0,10,13,1.3,0,720.164,2
14,30,56,76,108,0,0,9,0,0,8,11,1.375,2,4102.834,7
13,29,2,4,15,9,5,3,0,0,13,28,2.153846154,0,6397.45,0
9,20,192,194,211,359,205,18,38,21,6,10,1.666666667,1,19387.902,4
14,30,40,29,54,62,3,17,2705,54,4,13,3.25,4,0,6
12,17,26,32,23,3,1,9,0,0,1,1,1,1,0,0
14,29,17,17,16,23,17,5,0,0,5,7,1.4,0,3541.634,3
12,25,16,24,34,14,8,7,0,0,3,3,1,0,0,5
14,29,3,6,10,6,1,11,0,0,28,43,1.535714286,2,120.015,3
14,26,77,77,101,740,654,3,24,5,19,25,1.315789474,1,4655.147,3
2,2,0,0,0,5,1,9,0,0,0,0,0,0,0,6
2,2,0,0,0,1,1,7,0,0,1,2,2,1,11295.611,0
5,21,92,110,371,0,0,0,0,0,19,60,3.157894737,1,0,0
14,23,43,43,46,1,0,3,0,0,24,404,16.83333333,18,20837.654,0
14,30,30,36,50,15,12,8,0,0,30,115,3.833333333,5,10960.09,2
14,30,4,9,11,2,1,5,0,0,29,42,1.448275862,0,1454.28,5
14,29,31,32,41,44,20,7,4,0,4,5,1.25,0,7902.155,3
6,20,17,20,44,25,8,12,0,0,12,13,1.083333333,1,15526.567,5
11,25,17,20,34,0,0,17,0,0,22,24,1.090909091,1,0,7
14,30,159,127,167,65,31,6,2208,13,27,261,9.666666667,12,30735.951,1
11,18,13,7,4,18,17,9,0,0,17,104,6.117647059,1,1006.339,1
14,30,64,63,92,26,19,5,0,0,28,49,1.75,2,0,1
7,15,0,1,0,0,0,6,0,0,0,0,0,0,4.3,5
14,29,78,80,81,10,4,4,0,0,29,115,3.965517241,5,6857.096,3
11,26,71,58,51,59,33,5,0,0,3,5,1.666666667,0,6173.492,1
14,30,10,11,24,2,0,4,0,0,30,71,2.366666667,0,4876.449,7
4,6,0,2,1,1,1,3,0,0,0,0,0,0,1469.004,6
14,30,54,62,92,166,84,6,0,0,13,19,1.461538462,0,0,0
14,30,111,129,222,150,43,7,0,3,26,84,3.230769231,5,5146.948,6
14,30,5,5,6,22,1,2,0,0,21,25,1.19047619,0,8031.526,4
1,7,0,0,1,0,0,3,0,0,4,5,1.25,2,0,4
9,16,57,32,28,3,2,7,0,0,8,10,1.25,2,13122.512,6
11,16,7,5,4,32,18,2,0,0,1,1,1,0,2170.195,0
7,19,45,56,91,0,0,12,0,0,6,7,1.166666667,2,0,3
13,27,1,2,2,80,52,5,0,0,23,43,1.869565217,1,512.724,7
5,11,4,7,8,7,5,7,0,0,0,0,0,0,2269.838,2
5,12,1,2,4,0,0,5,0,0,2,2,1,0,0,0
14,15,61,55,37,0,0,5,0,0,15,27,1.8,7,12036.475,3
5,14,25,27,57,31,13,6,509,2,14,116,8.285714286,10,1018.133,4
14,30,78,86,116,215,144,4,1,0,19,40,2.105263158,3,30393.783,2
14,30,88,101,141,19,8,9,0,0,22,48,2.181818182,2,11460.995,3
14,30,20,18,20,3,1,4,0,0,30,106,3.533333333,8,3475.625,0
8,22,24,13,12,16,5,12,0,0,0,0,0,0,0,6
14,30,196,218,311,155,55,6,373,3,30,343,11.43333333,4,21844.043,7
14,30,34,33,56,1,1,4,0,0,30,258,8.6,2,4514.769,1
2,4,13,7,4,1,0,7,0,0,1,3,3,0,0,7
14,30,44,58,68,10760,152,53,60,14,1,1,1,0,0,3
3,3,11,5,3,0,0,5,0,0,2,6,3,2,21728.441,4
14,23,130,125,86,57,15,10,845,1,3,3,1,0,2131.682,5
14,30,30,31,39,2,0,4,0,0,30,563,18.76666667,30,5500.656,1
14,30,61,72,102,24,12,12,0,0,30,639,21.3,3,20786.375,7
3,6,1,2,2,116,50,4,0,0,3,4,1.333333333,1,0,1
14,30,77,90,136,174,98,3,0,2,3,4,1.333333333,0,3313.856,0
14,30,53,48,77,28,27,6,0,0,8,9,1.125,1,0,7
14,30,65,46,54,22,11,9,0,0,10,11,1.1,0,0,4
14,30,47,56,68,1,0,11,0,0,4,6,1.5,1,6516.278,1
3,11,0,0,5,6,2,5,0,0,4,5,1.25,0,0,6
14,30,17,16,13,4,0,10,0,0,30,81,2.7,3,611.985,6
14,30,9,9,14,3,0,6,0,0,29,38,1.310344828,0,8254.824,6
7,7,55,27,16,2,2,12,0,0,6,10,1.666666667,2,104.214,3
14,30,23,25,40,118,43,5,0,0,28,76,2.714285714,2,6364.536,3
3,11,0,0,1,3,0,14,0,0,5,5,1,1,528.886,3
14,30,24,28,49,6,2,11,0,0,30,253,8.433333333,6,2283.159,0
14,30,16,21,31,6,4,11,0,0,26,38,1.461538462,2,3969.521,0
10,19,57,40,54,0,0,5,0,0,4,6,1.5,0,14883.243,2
12,25,40,77,63,36,28,7,0,0,1,1,1,0,5059.032,7
14,30,3,3,4,9,4,19,0,0,30,118,3.933333333,2,3494.215,2
1,2,0,0,0,0,0,16,0,0,0,0,0,0,0,0
14,30,66,85,116,300,270,8,5093,96,9,17,1.888888889,2,600.841,3
14,30,121,139,150,0,0,6,0,0,20,27,1.35,6,2594.702,5
14,30,79,65,97,30,6,7,1,4,30,197,6.566666667,2,13717.231,1
14,30,12,12,19,1,0,2,0,0,30,67,2.233333333,1,7225.196,0
14,30,81,63,75,8,1,4,0,0,20,36,1.8,1,0,7
14,30,42,40,45,0,0,5,0,0,0,0,0,0,1389.852,1
12,28,6,5,6,1,0,7,0,0,26,36,1.384615385,0,1106.893,3
14,30,144,122,197,911,763,5,0,0,30,41,1.366666667,1,17729.633,4
14,30,42,28,30,1,0,3,0,0,30,250,8.333333333,2,5080.099,1
11,27,3,9,15,2,0,2,0,0,5,5,1,0,0,2
14,30,11,14,33,130,79,8,0,0,26,44,1.692307692,1,11548.312,5
14,30,143,141,179,1,1,2,0,0,30,48,1.6,1,18372.023,6
1,2,0,0,0,10,2,2,0,0,0,0,0,0,0,5
9,21,0,0,0,13,12,4,0,0,21,37,1.761904762,1,1406.786,0
14,29,30,45,42,1,1,7,0,0,24,52,2.166666667,6,1922.691,0
5,10,53,26,19,44,0,12,0,0,6,15,2.5,0,2768.548,5
14,30,33,43,75,0,0,0,0,0,28,41,1.464285714,2,2050.882,6
10,26,50,86,126,860,266,11,0,0,0,0,0,0,4337.43,5
11,23,2,2,3,0,0,8,0,0,0,0,0,0,1108.501,2
14,30,0,0,1,2,1,10,0,0,30,31,1.033333333,0,620.215,0
14,27,112,99,96,4,0,9,0,0,7,10,1.428571429,4,17195.802,3
12,12,37,46,27,0,0,9,0,0,13,94,7.230769231,8,0,3
3,4,0,0,0,3,0,10,0,0,1,2,2,0,0,3
14,30,98,99,144,2,1,12,0,0,30,37,1.233333333,1,7457.194,7
8,15,2,2,1,1,0,27,0,0,1,1,1,0,0,7
5,19,0,11,30,45,41,10,0,0,6,10,1.666666667,1,20003.662,2
12,19,8,9,7,0,0,6,0,0,17,27,1.588235294,0,0,1
14,30,80,73,72,13,2,11,0,0,11,19,1.727272727,0,22526.104,5
13,29,2,7,10,59,34,29,372,4,24,27,1.125,1,0,6
14,30,5,5,4,13,1,9,0,0,30,91,3.033333333,4,926.439,3
4,13,6,5,8,1,0,14,0,0,8,12,1.5,3,0,6
14,29,149,121,174,3,0,13,33,0,0,0,0,0,8601.561,5
11,27,7,24,41,9,9,2,0,0,22,25,1.136363636,0,12453.601,2
4,8,0,1,2,0,0,8,0,0,1,1,1,0,0,1
4,7,1,0,0,3,0,5,0,0,0,0,0,0,0,0
0,0,0,0,0,0,0,4,0,0,1,10,10,0,0,7
14,28,74,74,59,25,17,6,0,11,2,6,3,2,430.114,0
12,19,5,3,3,2,2,5,0,0,0,0,0,0,1789.074,7
13,29,11,8,11,12,2,9,0,0,27,33,1.222222222,1,170.825,5
14,30,0,0,0,0,0,11,0,0,30,41,1.366666667,1,0,2
1,7,0,4,12,2,0,2,0,0,0,0,0,0,0,0
6,19,49,24,52,38,4,13,14,0,15,27,1.8,10,0,1
9,19,1,0,4,44,21,3,0,0,2,3,1.5,1,0,3
0,0,0,0,0,0,0,5,0,0,1,1,1,0,3771.079,1
4,4,59,29,17,7,0,18,0,0,4,8,2,3,1519.4,2
14,30,47,43,52,5,1,6,0,0,5,6,1.2,0,16261.208,5
14,30,25,20,20,5,2,4,0,0,18,32,1.777777778,1,309.235,3
14,28,7,6,7,8,6,14,0,0,24,42,1.75,5,4034.279,1
14,30,84,93,120,144,3,9,0,0,9,11,1.222222222,1,15722.26,4
4,8,0,0,0,1,0,13,0,0,0,0,0,0,0,0
1,3,0,0,0,0,0,7,0,0,1,2,2,0,0,0
1,1,0,0,0,4,0,27,0,0,0,0,0,0,0,2
6,11,2,1,1,1,0,17,0,0,11,22,2,1,173.826,7
9,23,2,4,5,8,2,4,54,0,1,1,1,0,0,2
13,17,33,32,27,49,35,31,0,0,3,3,1,0,128.016,6
14,30,95,76,73,97,94,10,0,0,30,198,6.6,7,18113.358,6
14,30,56,49,77,1,0,9,0,0,26,70,2.692307692,6,2933.166,1
1,1,0,0,0,37,14,14,0,0,0,0,0,0,0,3
11,20,2,16,13,284,170,6,0,0,0,0,0,0,0,0
14,16,42,32,21,0,0,6,0,0,1,1,1,0,6235.923,3
5,9,6,22,26,0,0,5,0,0,6,19,3.166666667,2,1094.114,7
12,26,3,5,5,37,25,8,0,0,1,1,1,1,258.463,3
13,28,4,3,4,2,0,14,0,0,28,37,1.321428571,0,0,3
3,5,0,0,0,0,0,4,0,0,0,0,0,0,0,0
13,29,17,14,19,2,2,2,188,0,4,4,1,1,11040.81,1
6,13,1,0,1,1,0,5,0,0,1,1,1,0,0,7
14,29,3,7,10,0,0,2,0,0,28,33,1.178571429,1,6332.213,4
13,28,48,62,91,27,12,3,0,0,8,8,1,0,8882.388,2
14,30,11,16,20,34,22,8,0,0,23,36,1.565217391,2,0,5
1,1,0,0,0,1,1,14,0,0,0,0,0,0,0,2
14,30,16,19,24,0,0,3,0,0,30,46,1.533333333,1,3654.255,7
14,30,15,19,18,39,14,7,69,0,25,45,1.8,17,7491.139,4
11,24,28,37,83,6,5,6,0,0,7,7,1,1,8704.677,0
14,30,208,214,213,10,2,5,0,0,5,8,1.6,1,15543.55,6
7,22,12,24,47,6,2,2,0,0,3,3,1,2,6849.155,0
14,30,13,28,75,94,18,13,0,0,30,41,1.366666667,1,12705.435,6
13,29,2,2,2,2,0,13,0,0,28,89,3.178571429,8,2082.935,6
9,20,11,26,31,0,0,5,0,0,14,22,1.571428571,0,4997.27,7
14,30,38,29,27,36,34,12,7,0,29,148,5.103448276,24,11457.295,4
7,17,0,0,15,36,11,9,0,0,1,3,3,0,19.13,6
1,1,0,0,0,0,0,2,0,0,1,1,1,1,0,7
14,30,188,198,258,6,0,6,0,0,2,3,1.5,2,9032.428,3
14,30,74,110,193,29,16,11,0,0,6,10,1.666666667,0,10856.55,4
8,18,0,0,1,11,3,6,0,0,18,31,1.722222222,2,20.77,1
12,17,1,2,1,12,12,14,2,1,15,55,3.666666667,5,57.496,0
1,1,1,0,0,2,2,4,0,0,0,0,0,0,0,5
14,30,38,30,57,34,21,5,355,0,15,30,2,5,6906.038,4
3,3,0,0,0,0,0,7,0,0,0,0,0,0,0,3
10,24,6,4,21,113,90,3,0,0,9,11,1.222222222,1,6024.42,2
3,5,0,0,0,2,0,5,0,0,0,0,0,0,20.315,4
14,30,31,21,29,255,216,7,0,0,28,51,1.821428571,3,997.218,7
13,28,14,14,31,4,4,6,0,0,28,133,4.75,21,8144.728,7
12,26,17,12,15,0,0,13,0,0,5,8,1.6,1,1126.33,1
14,30,21,14,16,25,7,10,1958,1,4,32,8,2,34535.383,4
14,30,58,94,119,22,15,9,7994,0,8,10,1.25,0,10547.03,0
14,29,209,135,128,20,3,5,0,0,18,67,3.722222222,8,0,5
14,30,40,71,149,40,10,5,532,2,25,47,1.88,2,18737.621,2
14,30,5,5,9,13,1,6,0,0,30,74,2.466666667,2,687.844,0
8,23,44,58,89,6,2,12,0,0,13,19,1.461538462,3,13195.425,6
14,29,57,63,71,45,41,5,0,0,23,59,2.565217391,4,21605.594,6
13,29,22,16,17,2,0,5,0,0,9,13,1.444444444,0,5079.657,6
14,30,3,4,4,3,1,5,0,0,30,39,1.3,0,1573.816,4
14,30,24,36,40,0,0,9,0,0,30,360,12,6,13742.466,6
14,30,71,51,47,17,6,9,0,0,30,99,3.3,2,6672.229,0
10,23,6,11,14,1,0,5,0,0,7,8,1.142857143,4,0,0
14,30,145,141,177,166,36,3,4448,0,17,26,1.529411765,0,8205.169,2
14,30,113,89,188,749,501,11,648,19,0,0,0,0,0,3
9,20,20,16,27,18,14,2,0,0,0,0,0,0,131.539,0
11,26,2,1,1,39,23,8,0,0,7,7,1,0,365.469,4
9,19,9,8,11,73,68,9,0,0,3,4,1.333333333,0,179.292,5
12,23,37,35,34,49,32,11,0,0,3,4,1.333333333,1,0,3
12,27,7,7,13,3,1,6,0,0,22,48,2.181818182,1,3602.042,7
6,13,3,3,2,2,0,5,0,0,0,0,0,0,3964.778,1
13,29,13,11,15,18,13,6,0,0,29,173,5.965517241,4,10625.551,4
10,26,2,5,12,43,27,4,130,0,14,27,1.928571429,1,7058.458,5
14,27,114,126,110,6,2,6,0,0,6,9,1.5,1,3972.253,2
12,27,42,55,71,62,29,3,0,0,8,14,1.75,1,4356.402,4
8,15,8,5,7,10,0,4,0,0,4,9,2.25,0,0,0
4,7,12,6,3,131,125,4,0,0,3,10,3.333333333,1,0,5
4,9,0,0,0,0,0,9,0,0,0,0,0,0,0,4
14,30,4,4,3,6,4,9,0,0,30,59,1.966666667,3,2848.993,1
13,21,12,15,14,22,21,2,84,0,22,97,4.409090909,6,0,0
2,5,4,2,1,9,1,4,0,0,2,2,1,0,3805.992,3
14,30,8,6,8,1,0,7,0,0,28,40,1.428571429,0,101.511,2
14,25,0,2,2,8,0,4,0,0,3,3,1,0,2974.749,4
13,29,69,87,89,20,8,7,0,0,15,22,1.466666667,1,8087.276,2
4,10,5,3,3,11,4,13,0,0,0,0,0,0,0,7
5,12,26,13,13,6,3,5,0,0,3,4,1.333333333,2,0,6
14,30,34,33,55,73,16,9,0,0,29,32,1.103448276,1,14407.48,1
13,29,7,13,20,59,30,8,42,1,26,58,2.230769231,1,1588.016,5
12,25,4,3,4,10,0,5,0,0,21,26,1.238095238,1,323.612,4
14,30,69,57,63,2,0,8,0,0,30,80,2.666666667,3,6651.322,1
7,14,1,2,2,95,60,7,66,0,0,0,0,0,480.007,2
14,30,20,20,23,2,0,5,0,0,28,40,1.428571429,3,6723.585,3
14,30,3,3,6,5,0,4,0,0,30,38,1.266666667,4,1183.393,4
12,28,19,30,55,14,1,7,0,0,6,8,1.333333333,1,5718.256,2
14,30,55,44,56,2,0,17,0,0,30,470,15.66666667,4,2067.306,1
2,3,1,0,0,0,0,6,0,0,0,0,0,0,0,2
6,21,1,5,7,18,3,16,0,0,19,20,1.052631579,0,1036.282,6
14,30,128,121,141,5,0,9,0,0,29,48,1.655172414,0,10485.602,7
9,14,5,3,4,4,1,13,35,0,2,4,2,0,0,1
14,30,22,17,21,152,36,7,0,0,30,131,4.366666667,6,2994.85,4
0,0,0,0,0,0,0,4,0,0,1,3,3,0,10487.918,4
9,19,17,11,16,38,16,5,0,0,4,4,1,0,0,4
13,29,6,11,17,1,0,5,0,0,11,15,1.363636364,2,12762.071,7
10,13,18,18,14,7,5,8,5,0,1,1,1,0,10699.415,4
14,30,160,147,182,1338,570,10,941,19,23,53,2.304347826,1,4788.316,5
1,1,0,0,0,6,1,5,0,0,0,0,0,0,0,7
12,21,22,17,13,3,3,3,0,0,6,11,1.833333333,2,0,7
14,30,116,102,97,2,1,4,764,0,17,41,2.411764706,3,20349.989,2
13,29,30,35,51,4,0,12,0,0,27,30,1.111111111,0,12745.351,0
10,17,3,3,5,6,1,4,0,0,6,6,1,0,0,0
5,11,3,7,9,9,6,8,0,0,1,1,1,0,16817.648,6
14,30,50,46,44,54,32,8,2112,28,30,81,2.7,12,2068.006,6
5,18,3,1,2,431,274,13,388,31,0,0,0,0,7288.812,1
13,29,26,20,27,8,0,10,0,0,26,32,1.230769231,1,2069.906,2
10,26,10,19,74,28,4,5,0,0,0,0,0,0,2668.132,1
14,30,43,42,50,119,67,8,27,0,30,365,12.16666667,4,5814.837,1
14,29,68,86,108,2,1,8,0,0,6,7,1.166666667,2,4474.509,6
14,30,18,18,15,5,2,4,0,0,30,411,13.7,13,11337.718,7
13,29,6,10,21,57,48,9,0,0,29,116,4,1,0,7
5,11,0,0,0,0,0,6,0,0,2,3,1.5,1,0,4
4,7,0,15,9,15,3,9,0,0,2,9,4.5,0,0,5
5,7,2,1,1,40,2,11,0,0,4,5,1.25,2,15197.538,4
13,29,30,29,52,19,4,13,0,0,24,93,3.875,9,19574.804,0
14,30,35,43,53,40,9,6,0,0,29,53,1.827586207,2,10456.836,6
7,9,1,5,3,1,0,12,0,0,8,54,6.75,4,0,1
8,8,68,37,22,1,0,0,0,0,5,10,2,2,12775.612,3
5,9,0,2,3,2,0,6,0,0,7,9,1.285714286,0,0,0
6,15,4,9,10,0,0,17,0,0,1,2,2,0,1957.04,2
5,8,3,2,1,5,1,6,0,0,0,0,0,0,0,1
14,22,14,16,13,226,187,5,0,1,1,2,2,1,2651.404,7
14,30,7,14,37,43,15,7,0,0,30,186,6.2,15,5989.241,3
14,30,21,22,37,20,12,9,0,0,30,106,3.533333333,2,460.695,1
14,30,51,54,87,5,3,38,0,0,2,2,1,1,7867.174,3
12,13,0,0,0,1,0,3,0,0,9,22,2.444444444,0,0,2
2,2,0,1,0,0,0,16,0,0,1,1,1,0,0,7
5,13,36,21,26,4,0,10,0,0,2,2,1,1,5142.334,6
1,1,0,0,0,1,0,31,0,0,0,0,0,0,0,4
14,27,21,15,14,11,2,2,0,0,6,6,1,0,13.291,2
14,30,6,7,16,1,0,8,0,0,30,303,10.1,5,4135.17,6
14,30,27,28,33,4,0,7,0,0,29,257,8.862068966,13,3143.155,7
3,15,1,0,1,0,0,0,0,0,4,5,1.25,0,0,3
14,30,85,71,99,0,0,9,0,0,28,30,1.071428571,0,13885.141,1
14,30,7,7,9,0,0,6,0,0,30,129,4.3,2,4572.831,1
4,17,2,1,8,1,0,11,0,0,0,0,0,0,0,0
10,26,4,6,12,2,0,8,0,0,15,29,1.933333333,2,0,3
3,11,1,1,2,8,5,4,0,0,1,1,1,0,0,6
7,20,9,9,20,1,1,12,0,0,12,20,1.666666667,3,0,3
13,21,176,152,115,7,6,8,0,0,20,35,1.75,4,9306.793,7
14,30,136,154,186,2,0,7,0,0,30,263,8.766666667,1,14911.623,7
14,30,9,14,21,38,4,4,0,0,4,5,1.25,0,515.641,3
12,26,19,14,20,3,1,8,0,0,23,31,1.347826087,0,2736.478,0
6,17,3,7,9,77,37,12,0,0,3,5,1.666666667,0,0,5
14,30,48,48,75,13,7,10,0,0,27,49,1.814814815,0,23652.968,6
9,24,9,14,18,5,1,6,0,0,16,22,1.375,2,0,2
9,18,2,4,3,3,2,0,0,0,6,9,1.5,1,0,7
14,27,33,42,37,38,19,8,0,0,24,41,1.708333333,1,771.895,2
14,30,10,9,19,6,4,8,0,0,30,56,1.866666667,7,310.044,2
14,30,43,46,67,304,109,4,0,0,16,26,1.625,2,4345.199,2
13,25,66,48,47,35,19,4,0,0,7,10,1.428571429,0,7228.245,4
9,21,5,7,14,2,0,6,0,0,0,0,0,0,5640.799,5
14,28,97,77,83,2,1,8,0,0,26,52,2,1,3250.233,3
14,30,42,46,58,0,0,9,0,0,9,12,1.333333333,4,8656.99,0
6,10,3,3,2,0,0,9,0,0,6,13,2.166666667,1,0,0
14,30,111,99,117,269,119,9,0,0,6,6,1,1,12070.783,6
11,27,2,2,2,0,0,16,0,0,1,2,2,0,0,2
1,1,0,0,0,2,0,16,0,0,1,3,3,1,0,7
14,30,32,38,61,3748,2925,3,521,7,1,1,1,0,131.85,6
4,4,0,2,1,1,0,23,0,0,0,0,0,0,1.003,1
14,30,97,76,93,74,55,12,1220,52,4,15,3.75,2,34311.548,6
12,26,29,20,29,10,2,5,0,0,15,24,1.6,7,1860.593,4
5,12,5,13,26,92,15,3,0,0,10,31,3.1,3,0,1
11,22,8,9,9,5,3,4,0,0,7,8,1.142857143,0,0,7
13,29,29,39,38,8,3,11,3,0,29,110,3.793103448,7,6292.566,0
2,5,5,2,3,4,1,8,0,0,1,1,1,0,0,4
14,30,40,37,99,7,2,3,0,0,30,619,20.63333333,12,12671.972,5
14,30,57,51,62,0,0,6,0,0,30,268,8.933333333,11,4021.924,4
5,14,11,8,27,17,16,2,0,0,2,2,1,0,1834.015,4
14,30,70,62,84,216,141,4,0,0,28,41,1.464285714,1,31693.314,7
14,29,1,1,1,4,2,4,0,0,29,44,1.517241379,2,8.713,2
14,30,22,23,35,125,88,2,0,0,24,29,1.208333333,2,2622.946,6
11,24,4,8,9,0,0,5,0,0,0,0,0,0,0,2
14,25,3,8,9,25,20,5,0,0,22,31,1.409090909,4,7795.203,7
14,29,18,11,12,12,8,7,0,0,24,44,1.833333333,2,4523.029,6
7,10,3,5,3,13,3,3,0,0,4,4,1,3,758.005,7
14,30,50,51,74,282,148,10,178,10,30,683,22.76666667,24,45101.013,4
14,30,16,13,11,1,0,3,0,0,30,52,1.733333333,3,1027.315,3
13,29,3,4,7,21,10,32,118,0,9,14,1.555555556,3,0,0
14,30,38,35,39,14,14,18,0,0,30,470,15.66666667,7,22577.515,0
8,21,4,20,26,23,15,9,0,0,2,2,1,0,134.982,0
14,30,76,55,53,7,3,4,0,0,14,35,2.5,6,17559.054,7
13,26,42,47,65,79,23,6,87,0,10,12,1.2,2,17851.648,5
14,30,4,7,12,0,0,24,0,0,29,59,2.034482759,0,1105.225,3
3,4,3,12,9,4,2,13,0,0,2,2,1,0,0,6
14,30,2,13,28,7,6,5,0,0,29,56,1.931034483,0,302.963,7
13,25,18,17,22,1,0,12,0,0,9,10,1.111111111,0,0,5
14,30,63,113,133,8,3,12,0,0,25,28,1.12,0,1811.382,5
14,30,25,25,30,7,2,16,0,0,30,253,8.433333333,29,15597.961,3
0,0,0,0,0,0,0,4,0,0,0,0,0,0,0,5
14,30,20,21,27,3,1,13,0,0,28,36,1.285714286,0,5220.946,7
14,30,38,36,46,28,11,4,0,0,30,260,8.666666667,7,13159.88,6
14,30,55,51,80,285,131,12,49,0,3,3,1,1,15060.751,1
13,28,8,9,13,4,4,3,0,0,23,26,1.130434783,0,0,5
4,12,0,4,7,5,3,7,0,0,2,2,1,0,0,7
7,16,22,23,34,15,6,9,0,0,1,1,1,0,15629.142,3
13,29,2,3,3,115,79,0,0,0,0,0,0,0,487.633,1
14,30,204,193,274,1,0,9,0,0,28,33,1.178571429,1,17700.615,0
14,30,57,55,60,83,29,5,0,0,5,8,1.6,0,8765.621,5
1,1,0,0,0,0,0,21,0,0,0,0,0,0,0,0
9,13,2,6,5,1,0,3,0,0,1,1,1,0,0,7
8,14,69,64,55,8,0,5,0,0,0,0,0,0,18282.907,5
4,10,1,3,9,39,0,4,0,0,0,0,0,0,26.913,1
1,1,0,0,0,3,1,46,0,0,0,0,0,0,0,0
13,27,20,25,41,2,1,5,0,0,22,38,1.727272727,3,1150.529,2
14,30,46,60,70,140,60,11,0,0,5,6,1.2,2,4093.666,4
12,27,57,56,63,17,0,14,0,0,3,3,1,0,2238.742,4
12,28,26,25,53,1,1,6,0,0,2,3,1.5,2,9871.138,5
14,30,296,230,212,25,3,4,0,0,30,51,1.7,1,193.447,4
1,1,0,0,0,2,0,11,0,0,1,1,1,0,0,2
14,15,162,176,106,11,4,4,0,0,1,1,1,0,16061.715,2
14,30,26,28,47,13,1,24,0,0,11,11,1,0,9292.11,6
2,2,17,8,5,4,2,12,0,0,0,0,0,0,0,1
8,16,4,8,7,63,61,3,0,0,5,5,1,1,8483.426,5
14,30,20,20,18,333,193,2,0,0,3,3,1,0,6540.965,6
14,30,28,37,70,778,271,12,2234,2,1,1,1,0,0,3
14,30,50,47,73,0,0,9,0,0,29,86,2.965517241,7,733.151,5
14,23,37,59,51,3,1,12,0,0,9,14,1.555555556,1,0,1
13,24,109,104,110,9,3,4,0,0,5,6,1.2,2,0,3
11,27,5,4,7,3,3,3,0,0,22,26,1.181818182,1,1643.618,5
13,22,4,10,14,111,70,6,55,2,2,2,1,0,6506.444,4
14,16,44,43,28,0,0,5,0,0,14,34,2.428571429,9,0,0
9,12,9,8,7,2,1,13,0,0,10,30,3,0,0,0
14,30,142,164,203,4,0,19,0,0,5,5,1,0,190.956,4
14,30,237,222,264,37,33,5,0,0,30,70,2.333333333,7,10973.131,5
3,9,3,1,0,17,4,18,0,0,0,0,0,0,0,3
14,30,43,39,42,1,1,14,0,0,29,31,1.068965517,0,13504.074,2
13,27,64,56,68,59,55,7,0,0,7,16,2.285714286,1,5515.387,4
11,25,4,18,35,4,2,5,0,0,2,2,1,1,376.642,3
14,30,120,204,263,0,0,7,0,0,30,463,15.43333333,6,15983.427,3
13,29,8,15,23,1,0,9,29,0,22,41,1.863636364,1,1337.553,4
5,8,1,0,0,0,0,27,0,0,1,1,1,0,0,7
7,21,0,36,32,18,11,4,283,0,1,1,1,1,2342.189,3
11,23,10,12,13,6,0,4,0,0,22,57,2.590909091,3,0,3
2,7,0,0,0,4,0,7,0,0,0,0,0,0,0,2
4,5,6,3,3,0,0,8,0,0,2,9,4.5,0,10488.353,5
4,10,3,3,15,4,1,5,0,0,5,16,3.2,2,4405.805,4
8,17,10,8,9,2,0,11,0,0,0,0,0,0,21.344,0
14,30,12,14,18,1,1,4,0,0,26,104,4,1,0,5
14,30,118,96,128,126,48,5,0,0,30,46,1.533333333,0,5209.573,5
13,21,28,30,33,2,1,5,0,0,0,0,0,0,4244.427,4
8,19,14,7,5,2,1,10,0,0,19,33,1.736842105,5,348.624,3
14,30,13,19,32,16,8,9,0,0,27,35,1.296296296,0,3029.399,2
13,28,1,3,24,36,6,12,0,0,24,40,1.666666667,2,631.699,0
4,11,9,4,5,13,6,9,0,0,1,5,5,0,0,5
14,30,4,7,12,11,3,6,42,0,29,32,1.103448276,0,1309.301,5
14,30,19,22,29,0,0,6,0,0,6,10,1.666666667,1,0,6
14,30,98,90,88,144,76,21,7,7,28,46,1.642857143,1,12822.084,1
4,4,24,12,7,28,18,4,0,0,0,0,0,0,0,0
2,6,0,0,0,7,0,26,0,0,5,5,1,1,0,3
3,6,0,0,0,1,0,8,0,0,0,0,0,0,0,4
14,30,39,39,52,157,63,7,2,0,16,40,2.5,0,1431.7,2
14,30,130,147,208,18,10,5,2759,0,26,76,2.923076923,9,21164.341,0
14,23,169,146,157,9,2,6,0,0,9,16,1.777777778,0,12758.242,6
2,6,0,0,0,7,0,6,0,0,0,0,0,0,0,5
8,20,34,21,36,25,7,2,20,0,7,11,1.571428571,1,0,7
2,3,0,0,0,15,0,9,0,0,1,1,1,0,0,0
13,25,27,32,26,3,0,5,0,0,0,0,0,0,6548.503,0
5,8,0,0,0,88,66,14,0,0,3,3,1,0,0,1
14,29,21,20,23,4,1,38,0,0,1,1,1,0,9828.127,0
7,18,17,19,24,2,0,23,0,0,8,11,1.375,0,0,3
14,30,8,14,16,74,45,5,0,0,10,17,1.7,0,3991.062,6
14,30,15,21,29,0,0,5,0,0,30,405,13.5,3,4947.108,3
14,30,12,12,18,97,70,7,0,0,17,34,2,2,1189.235,5
2,2,0,0,0,0,0,23,0,0,0,0,0,0,0,4
7,15,4,4,5,27,20,2,0,0,3,5,1.666666667,1,7051.026,6
14,29,56,47,48,21,5,6,0,0,22,29,1.318181818,2,4146.758,2
10,23,19,25,32,18,1,2,0,0,2,8,4,2,22822.066,1
1,2,0,0,0,112,82,11,0,0,1,1,1,0,0,0
12,25,45,50,72,127,49,6,0,0,11,11,1,4,0,3
14,30,12,10,12,39,33,4,0,0,29,251,8.655172414,9,9272.703,4
13,29,6,6,13,6187,168,6,6,0,26,51,1.961538462,1,3224.038,1
6,6,31,15,9,4,1,10,0,0,0,0,0,0,816.737,4
10,25,2,6,16,1,1,3,0,0,13,21,1.615384615,10,0,1
4,7,10,10,7,0,0,8,0,0,0,0,0,0,0,7
14,30,47,48,63,435,311,6,0,0,25,36,1.44,0,5378.656,3
14,30,25,26,30,201,34,31,370,363,30,290,9.666666667,9,9065.669,3
14,30,13,14,17,1,0,7,0,0,27,29,1.074074074,0,4655.861,3
13,27,0,1,0,32,23,11,0,0,0,0,0,0,6.548,6
11,23,15,30,52,2,0,4,0,0,1,1,1,0,12384.101,5
13,26,15,13,15,1,1,6,0,0,16,18,1.125,0,0,1
14,30,40,42,44,0,0,6,0,0,30,390,13,2,14163.931,2
14,30,139,94,107,9,8,7,0,0,18,31,1.722222222,2,5380.526,6
6,16,54,45,99,1,0,5,0,0,8,8,1,2,19540.257,7
1,4,0,0,0,8,8,4,0,0,1,1,1,0,46.581,5
14,30,17,14,18,4,4,6,0,0,30,42,1.4,3,8097.184,5
14,30,1,3,4,16,10,7,0,0,28,69,2.464285714,6,1877.372,5
12,25,1,3,3,34,30,8,0,0,20,43,2.15,1,41.92,1
8,8,6,5,3,7,0,5,0,0,2,2,1,1,3893.082,5
2,8,0,0,2,9,1,9,0,0,0,0,0,0,58.076,0
8,17,46,68,82,2,0,3,0,0,6,13,2.166666667,3,17827.733,1
5,13,0,19,27,4,0,3,0,0,12,19,1.583333333,3,11294.324,1
14,30,21,19,27,12,5,10,0,0,30,73,2.433333333,0,508.716,7
1,1,0,0,0,221,49,13,0,0,0,0,0,0,0,4
11,17,140,88,59,5,2,7,0,0,13,40,3.076923077,6,14089.456,5
14,30,12,23,27,47,18,12,0,0,5,6,1.2,0,725.911,7
9,23,19,10,38,9,2,14,0,0,10,11,1.1,0,8476.636,0
14,29,60,47,46,11,6,13,0,0,15,17,1.133333333,0,15152.791,4
13,29,30,67,107,2,1,17,0,0,29,198,6.827586207,3,16950.058,4
14,30,96,91,118,1,0,3,0,0,30,193,6.433333333,24,15100.401,5
14,30,120,117,167,128,23,5,0,0,24,50,2.083333333,2,4508.928,2
14,30,47,67,116,7,6,6,0,0,19,24,1.263157895,3,22374.717,2
14,29,9,9,11,1,1,12,0,0,29,77,2.655172414,6,7077.632,1
14,30,41,55,62,1,1,7,0,0,7,10,1.428571429,1,19131.486,1
5,7,0,0,0,21,5,4,0,0,0,0,0,0,0,5
2,3,0,0,0,1,0,7,0,0,0,0,0,0,0,7
13,29,4,4,6,1,0,7,0,0,29,45,1.551724138,1,402.031,6
14,30,34,41,51,200,81,3,0,0,30,426,14.2,5,9115.189,1
14,30,5,7,7,8,4,5,0,0,30,409,13.63333333,9,2923.899,6
9,16,0,2,3,257,46,16,0,0,0,0,0,0,0,4
4,11,5,3,3,0,0,14,0,0,1,1,1,0,0,4
4,13,0,0,0,8,4,24,0,0,0,0,0,0,3851.35,4
14,30,21,28,41,52,25,7,0,0,30,76,2.533333333,26,3867.48,5
3,5,0,0,0,4,1,6,0,0,0,0,0,0,0,2
14,30,176,188,260,1,0,15,0,0,1,1,1,1,10563.124,4
7,18,1,6,20,3,0,7,0,0,11,16,1.454545455,0,0,3
13,29,21,16,21,38,3,5,0,0,6,7,1.166666667,2,3361.65,2
3,3,3,1,1,11,3,31,0,0,1,2,2,1,0,0
14,30,83,60,76,0,0,4,103,0,8,8,1,0,10136.877,2
5,8,0,0,0,2,0,11,0,0,0,0,0,0,0,7
2,4,0,0,0,22,15,25,0,0,0,0,0,0,0,2
12,27,16,18,18,1,1,5,164,14,6,6,1,1,0,7
14,30,178,134,143,25,5,7,0,0,24,61,2.541666667,2,21184.33,7
14,30,16,16,18,13,2,9,0,0,22,39,1.772727273,1,3709.075,1
14,30,19,16,14,6,0,9,0,0,29,33,1.137931034,0,6872.752,5
14,15,43,69,41,7,5,17,0,0,14,38,2.714285714,7,6919.836,1
13,23,52,46,38,8,8,5,109,1,10,12,1.2,2,5846.04,5
14,29,14,14,11,26,21,7,2,0,29,60,2.068965517,4,544.116,4
2,2,1,0,0,1,0,5,0,0,1,7,7,1,0,0
14,30,15,14,20,3,2,4,0,0,30,830,27.66666667,29,4490.008,6
14,30,28,19,25,16,10,9,67,5,7,7,1,1,6000.781,3
1,1,1,0,0,1,1,13,0,0,1,1,1,0,11227.828,4
1,1,0,0,0,7,1,32,0,0,0,0,0,0,0,2
13,28,5,11,34,590,439,5,223,3,2,2,1,0,0,1
7,21,3,2,11,22,9,5,0,0,8,13,1.625,1,524.118,0
1,6,0,0,0,0,0,12,0,0,4,4,1,0,0,3
14,30,31,44,50,4,3,13,0,0,12,24,2,5,7937.037,3
3,17,0,0,2,2,1,2,0,0,13,31,2.384615385,2,0,1
14,26,10,11,10,3,1,7,0,0,1,1,1,0,0,4
11,24,28,27,37,6,5,3,0,0,6,6,1,0,13534.832,0
14,30,0,0,0,9,7,17,0,0,30,48,1.6,0,118.325,2
14,30,76,57,71,10,1,23,9,0,29,37,1.275862069,0,22539.74,3
12,24,13,10,12,3,0,4,0,0,0,0,0,0,2591.487,5
14,30,28,32,40,3,1,6,0,0,30,162,5.4,17,3850.346,1
14,28,16,21,18,40,18,19,1050,18,3,7,2.333333333,2,2918.705,7
14,30,106,112,122,7,5,10,0,0,11,13,1.181818182,0,2264.574,1
10,18,11,8,10,5,3,4,0,0,7,11,1.571428571,1,4130.361,2
11,19,80,102,78,2,1,4,151,1,11,21,1.909090909,6,0,4
14,30,10,10,10,3,0,5,0,0,30,92,3.066666667,4,7540.314,1
13,26,33,37,30,5,0,15,0,0,8,12,1.5,5,14088.97,5
10,22,11,10,11,2,1,5,0,0,16,92,5.75,2,2491.864,3
13,29,6,7,9,18,16,17,0,0,28,50,1.785714286,11,2124.526,7
14,29,96,86,99,1,0,9,0,0,12,16,1.333333333,0,0,7
5,5,16,11,7,1,1,10,0,0,1,1,1,1,0,0
14,30,50,43,79,114,74,7,0,0,8,9,1.125,0,19770.583,7
5,8,2,2,16,0,0,10,5,1,1,2,2,1,0,0
14,30,30,46,51,0,0,0,0,0,30,88,2.933333333,4,0,5
14,30,95,106,129,795,729,11,220,4,24,31,1.291666667,1,4207.549,0
14,30,45,37,61,3,2,13,0,0,30,138,4.6,10,9787.685,3
14,30,51,49,59,0,0,7,0,0,20,26,1.3,0,8827.145,1
10,25,0,2,3,1722,669,11,0,0,1,1,1,0,0,5
6,12,2,2,4,2,0,5,5,0,2,2,1,0,11203.669,5
14,30,57,72,101,16,2,5,0,0,7,8,1.142857143,0,16772.805,7
4,8,5,4,3,8,0,5,1,0,2,2,1,0,0,2
14,30,50,57,77,36,11,6,0,0,28,90,3.214285714,0,12895.288,1
4,9,3,1,1,1,0,3,93,23,7,8,1.142857143,1,18147.931,1
5,7,4,2,2,0,0,11,0,0,6,14,2.333333333,1,0,3
14,30,8,9,11,23,8,5,0,0,28,31,1.107142857,1,11460.16,3
13,29,43,62,93,1344,1191,11,2,4,2,2,1,1,0,6
6,11,0,0,0,0,0,7,0,0,3,3,1,0,0,2
10,18,7,22,22,58,58,4,13,2,7,22,3.142857143,3,14444.803,7
6,8,0,0,0,0,0,5,0,0,0,0,0,0,0,1
14,30,15,13,24,52,9,7,0,0,29,50,1.724137931,0,0,7
13,29,16,15,23,330,6,10,72,0,0,0,0,0,1111.797,5
14,30,17,18,22,5,0,9,0,0,30,142,4.733333333,7,2530.022,3
9,14,19,49,40,21,17,7,0,0,4,7,1.75,3,0,1
2,2,0,1,0,3,0,9,0,0,0,0,0,0,0,6
14,30,135,137,174,6,1,11,0,0,2,2,1,0,5895.305,7
14,30,62,56,80,17,9,17,0,0,30,88,2.933333333,1,6481.621,2
13,28,119,120,127,238,94,6,53,0,6,10,1.666666667,3,8941.755,5
14,30,204,199,217,130,53,9,0,0,9,10,1.111111111,0,15959.006,2
13,28,11,12,18,9,0,5,0,0,26,84,3.230769231,3,7369.259,5
14,30,125,123,158,70,25,16,0,0,0,0,0,0,17542.481,0
13,29,15,14,36,20,11,3,0,0,1,1,1,0,6898.469,6
1,1,0,0,0,33,25,2,0,0,1,1,1,1,0,1
14,30,35,42,46,66,16,4,0,0,28,38,1.357142857,3,16314.701,6
1,1,0,0,0,0,0,2,0,0,1,1,1,0,0,1
1,2,0,0,0,0,0,10,0,0,0,0,0,0,0,4
13,24,9,10,10,1,1,3,0,0,16,24,1.5,2,7006.047,3
2,5,0,0,0,7,3,19,0,0,0,0,0,0,0,0
14,30,57,59,92,9,8,4,0,0,29,32,1.103448276,2,3596.061,5
13,26,7,13,20,4,3,9,0,0,5,5,1,0,0,6
14,30,38,42,62,25,21,9,0,0,8,10,1.25,0,5392.727,1
13,29,11,14,17,32,22,5,202,0,1,1,1,0,0,7
13,29,17,20,20,0,0,8,0,0,12,13,1.083333333,3,10241.678,6
13,29,18,20,34,375,285,19,0,0,27,33,1.222222222,3,1.733,0
14,30,53,45,64,34,18,15,1,0,13,23,1.769230769,1,0,3
9,9,40,25,15,0,0,7,0,0,3,10,3.333333333,2,4809.896,4
14,30,25,27,28,9,1,5,0,0,17,19,1.117647059,1,1732.927,5
14,30,4,4,8,2,0,3,0,0,30,87,2.9,3,4807.145,5
2,3,0,0,0,4,1,2,0,0,1,2,2,0,0,2
14,30,27,24,23,6,1,7,76,0,30,153,5.1,6,3192.165,2
7,7,1,1,0,0,0,10,0,0,1,1,1,0,18.839,6
14,30,11,14,26,1,1,8,0,0,30,87,2.9,1,1762.34,4
14,30,17,16,14,30,12,16,11,0,8,9,1.125,1,12043.832,3
14,29,24,21,24,15,8,6,10,0,14,16,1.142857143,0,1188.337,5
14,30,42,43,121,15,13,14,0,0,6,8,1.333333333,1,9687.246,7
0,0,0,0,0,0,0,12,0,0,0,0,0,0,0,5
3,11,2,1,7,0,0,5,0,0,0,0,0,0,0,3
3,7,0,0,0,9,3,8,0,0,0,0,0,0,0,3
13,28,17,18,17,1,1,15,0,0,28,35,1.25,2,1390.465,0
14,30,78,65,84,211,168,8,235,0,30,489,16.3,26,11221.753,7
14,30,8,7,9,27,7,7,0,0,26,30,1.153846154,0,7247.267,3
7,18,3,3,6,6,1,6,0,0,8,9,1.125,3,7086.514,3
4,14,1,18,23,0,0,4,20,0,1,2,2,0,25070.771,0
14,30,179,185,211,73,31,17,13312,2,0,0,0,0,0,7
0,1,0,0,0,11,6,3,0,0,0,0,0,0,16962.661,2
14,30,3,4,6,3,0,3,0,0,28,43,1.535714286,4,240.008,2
9,22,7,7,9,335,1,17,0,0,0,0,0,0,188.565,7
14,28,98,91,113,1,0,9,0,0,1,1,1,0,1886.593,4
14,29,11,12,22,18,3,13,0,0,8,12,1.5,0,676.338,5
14,30,20,20,43,2,2,19,0,0,29,45,1.551724138,2,7270.531,7
13,29,14,14,35,82,52,6,0,0,24,52,2.166666667,2,910.612,7
1,3,0,0,0,0,0,24,0,0,1,1,1,0,0,4
13,29,26,45,76,11,6,13,0,0,27,106,3.925925926,4,13485.948,5
14,30,50,60,81,4,2,7,12958,0,6,16,2.666666667,6,0,4
14,30,65,66,137,12,7,4,0,0,30,406,13.53333333,29,14226.473,5
14,30,22,15,26,85,51,8,159,1,0,0,0,0,0,0
5,14,0,0,1,5,0,11,0,0,6,6,1,1,0,3
13,26,9,12,19,45,20,5,0,0,2,2,1,0,1440.009,5
7,13,24,25,28,1,1,5,0,0,5,5,1,2,3807.572,1
14,30,68,61,58,93,64,24,100,0,30,60,2,5,431.414,7
13,29,42,43,67,4,3,6,0,0,23,30,1.304347826,1,26535.758,2
14,30,17,39,142,3,0,3,0,0,8,9,1.125,1,19331.959,7
10,23,4,5,5,2,0,3,0,0,1,1,1,0,120.003,0
10,18,3,3,4,25,12,11,8,0,0,0,0,0,1127.743,6
6,16,22,17,23,0,0,8,0,0,7,8,1.142857143,2,9590.304,1
12,26,5,20,28,0,0,11,0,0,9,16,1.777777778,2,3145.896,0
13,27,14,17,20,15,1,13,0,0,25,32,1.28,1,11552.552,0
4,14,7,10,11,2,2,5,0,0,2,3,1.5,0,0,2
5,11,5,9,10,7,1,4,0,0,1,1,1,0,0,4
5,14,17,11,20,9,3,5,0,0,9,22,2.444444444,7,0,6
14,30,6,6,6,60,5,12,0,0,30,139,4.633333333,3,1593.998,6
12,22,140,99,102,20,4,5,0,0,12,20,1.666666667,1,11225.912,2
9,9,24,12,7,3,2,6,0,0,3,4,1.333333333,2,0,7
5,7,3,2,1,9,6,24,0,0,5,7,1.4,2,397.842,0
5,5,18,9,5,0,0,5,0,0,3,5,1.666666667,1,0,4
8,23,4,3,8,0,0,17,0,0,0,0,0,0,0,5
5,5,2,1,0,1,1,7,0,0,3,7,2.333333333,0,0,2
12,26,5,9,10,399,254,4,0,0,0,0,0,0,36.406,0
6,12,0,0,0,11,11,22,0,0,1,1,1,0,0,0
14,29,22,32,52,75,47,3,0,0,0,0,0,0,4064.064,7
14,30,54,54,90,31,6,8,0,0,28,43,1.535714286,1,29852.981,7
14,29,14,14,14,72,22,9,0,0,24,47,1.958333333,4,245.85,3
14,30,151,171,193,9,4,9,0,0,7,8,1.142857143,1,3229.464,5
13,26,9,14,18,36,12,7,0,0,0,0,0,0,158.469,3
14,30,165,169,197,141,82,12,0,0,19,61,3.210526316,2,21910.919,7
14,30,20,16,20,409,396,9,48,0,24,34,1.416666667,1,11340.175,1
14,30,18,24,27,29,4,4,0,0,30,163,5.433333333,6,6804.846,5
14,25,17,21,17,19,19,6,0,0,26,107,4.115384615,6,0,0
14,30,24,25,32,49,9,16,0,0,5,10,2,0,4262.766,4
2,3,0,0,0,4,0,12,0,0,0,0,0,0,0,7
1,5,1,0,6,3,3,5,0,0,1,1,1,0,5092.77,7
12,27,6,5,10,12,0,5,0,0,1,1,1,0,6281.376,0
5,16,5,5,8,6,2,7,0,0,3,3,1,0,1338.67,4
14,30,41,33,38,167,118,18,2,0,11,17,1.545454545,2,1620.608,4
14,30,54,59,72,20,5,18,0,0,8,8,1,0,9601.896,4
14,30,43,36,50,2,1,7,0,0,30,40,1.333333333,0,10207.176,5
12,28,36,34,53,7,1,8,0,0,12,18,1.5,3,4250.879,5
14,30,69,91,116,14,7,6,0,0,16,27,1.6875,1,1319.991,4
14,30,180,187,243,73,35,5,0,0,25,52,2.08,3,23927.29,2
6,22,10,8,31,0,0,5,0,0,8,10,1.25,2,6446.918,3
5,9,0,1,1,8,5,11,0,0,0,0,0,0,0,1
14,30,19,27,26,1,0,6,0,0,30,530,17.66666667,27,5740.583,7
13,28,12,8,9,5,0,4,0,0,14,14,1,1,2257.325,7
14,30,66,53,81,5,1,5,0,0,30,428,14.26666667,7,5538.53,7
2,3,0,0,0,0,0,11,0,0,0,0,0,0,0,5
13,28,62,43,34,0,0,7,0,0,3,3,1,0,1412.302,7
14,28,2,4,4,16,4,5,255,0,29,91,3.137931034,0,4715.103,5
12,28,13,10,24,26,4,5,0,0,13,31,2.384615385,0,473.493,0
14,30,46,39,46,33,10,11,0,0,15,25,1.666666667,1,12421.136,0
4,10,28,40,43,3,1,7,2,0,9,17,1.888888889,2,0,6
0,1,0,0,0,7,4,5,0,0,1,1,1,0,0,6
3,11,3,8,22,23,17,4,0,0,0,0,0,0,20270.306,2
5,14,2,3,16,2,1,5,0,0,3,6,2,1,10.135,2
14,30,23,23,41,1,0,7,0,0,28,111,3.964285714,1,0,7
9,18,18,40,41,5,0,3,1,1,4,21,5.25,4,0,0
9,17,32,50,62,62,34,5,387,4,4,7,1.75,2,14411.491,5
12,24,10,8,9,15,4,6,0,0,3,3,1,0,448.139,0
2,3,1,2,1,3,0,3,0,0,1,1,1,0,0,6
14,30,144,183,320,1900,1301,5,0,0,30,61,2.033333333,1,4839.71,6
14,30,36,30,34,10,0,7,0,0,28,58,2.071428571,2,812.05,6
2,2,0,0,0,0,0,11,0,0,1,32,32,1,0,5
14,30,34,33,54,74,43,8,1915,0,1,2,2,0,34.171,6
14,30,32,21,21,57,42,9,0,0,29,39,1.344827586,3,7226.547,2
14,30,59,65,78,64,34,5,0,0,0,0,0,0,1749.807,6
13,29,10,13,21,5,4,7,0,0,9,16,1.777777778,6,12789.351,3
14,30,16,16,25,6,1,5,0,0,26,29,1.115384615,2,360.016,1
14,30,18,28,46,26,19,5,0,22,1,1,1,0,34.488,0
14,30,9,10,12,11,0,3,0,0,30,140,4.666666667,7,404.483,7
14,30,55,52,53,11,3,9,0,0,30,146,4.866666667,8,4809.616,0
14,30,3,4,4,25,5,5,0,0,30,76,2.533333333,9,1088.104,3
9,15,10,10,12,22,22,8,225,15,3,6,2,0,3245.475,5
0,0,0,0,0,0,0,59,0,0,1,1,1,0,0,6
14,30,3,4,4,1,0,14,0,0,29,31,1.068965517,0,1843.897,1
11,24,32,19,28,18,18,4,0,0,21,50,2.380952381,2,4460.878,5
13,29,16,20,40,25,1,11,0,0,9,15,1.666666667,1,24625.851,0
14,30,32,42,61,2,0,7,0,0,30,38,1.266666667,3,186.517,2
14,15,79,95,58,9,5,5,0,0,9,23,2.555555556,0,15006.733,1
13,29,51,56,69,6,3,8,39,0,10,13,1.3,0,16128.719,0
7,13,39,59,55,10,2,3,0,0,6,7,1.166666667,1,8210.881,7
13,29,56,64,124,52,41,5,8,12,11,23,2.090909091,3,6155.134,2
14,30,3,2,5,114,46,13,98,14,0,0,0,0,0,4
7,9,1,4,3,12,6,5,0,0,0,0,0,0,1721.032,5
14,30,16,22,23,0,0,14,0,0,30,212,7.066666667,20,3212.377,2
12,28,61,54,84,75,40,8,235,0,21,56,2.666666667,2,1355.848,6
14,30,71,70,102,4,3,12,0,0,8,8,1,0,9349.044,2
12,25,14,19,28,31,24,5,0,0,8,9,1.125,2,6380.245,7
13,28,5,7,7,8,2,8,0,0,25,31,1.24,0,18177.842,0
14,30,143,119,181,1300,873,5,0,0,7,11,1.571428571,1,0,2
14,30,11,7,8,2811,23,12,10,0,6,8,1.333333333,0,1078.922,0
14,30,22,27,39,1,0,6,2,0,3,4,1.333333333,1,10796.3,0
3,6,0,0,0,2,2,9,0,0,5,6,1.2,0,0,1
14,30,50,43,47,17,2,6,0,0,30,30,1,0,4067.68,7
14,30,13,20,24,15,6,8,0,0,30,299,9.966666667,0,12905.925,0
1,15,0,0,36,2,2,9,0,0,3,5,1.666666667,0,0,4
14,30,56,53,61,10,5,14,0,0,27,33,1.222222222,0,11272.076,6
6,9,34,29,25,6,3,5,0,0,0,0,0,0,5095.602,4
14,30,100,108,112,149,107,6,13,0,25,50,2,1,9423.745,3
14,29,6,8,6,2,0,11,0,0,28,124,4.428571429,9,5301.104,2
8,19,10,21,22,13,2,4,0,0,4,4,1,1,0,2
7,16,41,21,18,0,0,6,0,0,2,2,1,0,1440.003,4
14,30,73,69,104,15,7,15,0,0,19,34,1.789473684,2,0,4
4,6,0,0,1,14,5,5,0,0,0,0,0,0,6467.544,6
14,30,11,16,21,16,2,4,0,0,30,571,19.03333333,30,6273.921,2
14,30,13,7,8,10,8,12,0,0,29,53,1.827586207,8,760.447,6
3,4,2,1,0,22,1,23,0,0,0,0,0,0,0,1
14,30,23,18,32,4,1,3,0,0,29,66,2.275862069,3,199.952,3
13,22,19,13,11,1,0,4,0,0,4,12,3,1,5668.184,5
3,10,0,0,0,0,0,14,0,0,0,0,0,0,1716.081,3
10,26,8,14,33,10,5,5,0,0,10,13,1.3,0,0,3
6,15,0,6,22,306,279,16,92,11,6,8,1.333333333,1,0,3
14,30,41,40,63,2,0,11,0,0,30,46,1.533333333,1,8117.432,2
14,30,35,41,58,21,3,2,0,0,29,32,1.103448276,1,2064.384,4
9,16,3,2,2,13,1,12,0,0,3,4,1.333333333,0,0,5
14,29,3,3,2,0,0,4,0,0,29,45,1.551724138,1,1320.009,5
12,23,16,40,44,71,41,10,6,0,6,12,2,1,3351.78,0
10,10,9,19,11,0,0,10,0,0,10,35,3.5,6,0,3
14,30,40,38,43,3,0,14,0,0,30,61,2.033333333,13,5165.206,5
4,15,0,3,15,2,1,10,20,0,11,22,2,0,27932.346,6
5,11,12,28,52,1,1,9,0,0,7,12,1.714285714,2,8066.577,2
1,1,0,0,0,0,0,8,0,0,1,1,1,0,0,2
14,30,90,72,86,14,7,4,0,0,21,27,1.285714286,4,16260.421,5
13,29,3,5,20,4,2,9,0,0,27,47,1.740740741,4,28.17,5
14,30,68,76,112,246,58,14,0,0,5,6,1.2,1,4900.359,2
13,27,24,22,30,5,1,7,0,0,27,31,1.148148148,1,13049.446,5
13,29,54,58,85,15,10,2,0,0,0,0,0,0,0,7
14,21,100,126,95,44,21,14,0,0,8,11,1.375,0,2611.866,1
13,29,38,38,57,24,9,5,0,0,27,56,2.074074074,1,3986.233,2
11,27,0,0,2,44,29,17,18,1,0,0,0,0,0,1
13,29,14,17,40,17,2,3,0,0,28,40,1.428571429,1,4978.335,4
0,0,0,0,0,0,0,4,0,0,0,0,0,0,0,4
14,28,11,20,24,4,1,5,0,0,0,0,0,0,7343.641,3
14,30,83,69,80,11,7,12,0,0,2,2,1,2,4665.009,6
14,27,15,16,13,11,2,4,0,0,26,39,1.5,1,10005.676,4
14,30,20,23,21,0,0,4,0,0,3,3,1,0,2400.009,2
14,30,159,154,205,8,2,11,0,0,20,45,2.25,2,13023.428,3
14,30,46,46,63,333,54,11,1328,12,0,0,0,0,0,7
14,30,58,61,86,644,390,9,0,0,7,7,1,0,29127.031,4
6,10,3,3,3,4,2,4,0,0,6,7,1.166666667,1,0,5
8,16,2,15,26,11,3,13,0,0,0,0,0,0,115.062,7
14,30,6,6,7,59,28,15,374,0,30,130,4.333333333,11,439.743,7
11,15,2,3,2,27,5,2,0,0,14,55,3.928571429,5,1535.277,4
13,29,20,46,62,17,3,6,0,0,4,4,1,0,0,4
3,7,0,0,1,3,1,2,0,0,0,0,0,0,0,2
14,17,35,42,28,0,0,24,0,0,18,193,10.72222222,2,7758.605,6
12,17,12,9,5,7,2,12,0,0,11,17,1.545454545,1,2646.312,7
13,29,4,4,5,1,1,4,0,0,29,60,2.068965517,1,1852.682,5
6,14,0,1,2,108,83,4,0,0,2,2,1,0,0,2
14,30,3,2,2,12,11,11,0,0,2,2,1,0,3.596,1
14,30,9,23,40,11,4,7,0,0,30,83,2.766666667,0,6119.928,6
14,30,4,4,3,20,6,4,0,0,30,348,11.6,6,2624.687,3
13,29,6,5,7,6,5,6,35,0,26,46,1.769230769,2,2611.976,3
14,30,3,5,7,15,8,6,0,0,30,42,1.4,0,3104.429,7
14,30,28,32,33,2,2,16,474,0,27,35,1.296296296,1,182.532,7
4,9,0,0,0,0,0,5,0,0,0,0,0,0,0,6
5,19,5,5,8,14,3,10,1,0,0,0,0,0,303.166,2
14,30,38,39,51,383,32,5,5628,2,6,8,1.333333333,0,2373.545,5
12,27,59,70,81,10,1,9,0,0,4,5,1.25,0,11324.14,0
14,30,54,52,63,48,5,4,501,3,30,270,9,3,14820.779,6
3,4,1,1,1,0,0,7,0,0,0,0,0,0,0,7
14,30,55,71,102,90,64,12,0,0,3,4,1.333333333,0,0,2
14,30,10,18,26,2,0,3,0,0,29,46,1.586206897,1,5768.156,5
14,20,0,0,1,2,0,5,0,0,19,35,1.842105263,4,428.813,6
14,30,66,59,72,17,2,9,3363,13,10,16,1.6,5,5872.053,4
14,30,9,12,19,0,0,4,0,0,30,145,4.833333333,2,7027.269,4
7,21,2,7,13,1,0,2,0,0,4,11,2.75,0,714.71,3
1,1,0,0,0,11,2,24,0,0,0,0,0,0,0,2
14,30,117,159,215,84,27,15,73,0,27,30,1.111111111,0,7119.456,2
11,26,24,23,37,32,14,6,0,0,16,23,1.4375,0,0,2
14,30,327,300,336,4,0,8,0,0,16,23,1.4375,0,13747.165,7
11,26,50,34,44,7,7,3,0,0,21,41,1.952380952,4,8194.559,1
14,30,18,24,36,18,6,5,0,0,30,66,2.2,22,6956.315,0
14,30,36,38,64,11,6,4,0,0,1,2,2,0,0,3
14,30,23,17,15,4,0,4,0,0,29,55,1.896551724,1,2550.026,5
14,29,20,16,20,18,4,7,0,0,30,32,1.066666667,1,597.054,6
9,21,36,33,45,169,102,4,737,29,5,10,2,3,1635.819,6
13,29,15,14,20,76,32,4,0,0,7,12,1.714285714,0,5738.153,0
13,29,12,21,52,0,0,8,0,0,5,9,1.8,1,3912.773,0
14,30,38,42,55,4,0,12,0,0,9,12,1.333333333,2,9008.874,3
13,27,27,30,49,1,0,11,0,0,2,2,1,0,20456.579,6
14,30,47,54,56,104,59,12,0,0,5,8,1.6,0,4993.229,7
9,9,39,23,13,0,0,4,0,0,5,11,2.2,3,57.264,6
14,28,17,14,18,31,26,3,635,1,3,3,1,1,1787.245,4
14,30,18,23,28,96,53,4,0,0,13,15,1.153846154,5,12412.691,2
4,12,2,1,4,5,2,5,0,0,2,3,1.5,0,0,7
14,29,68,74,69,4,1,5,0,0,29,97,3.344827586,6,20147.219,3
14,29,65,46,60,20,3,3,0,0,2,2,1,0,149.239,4
11,27,5,5,12,15,3,4,0,0,15,21,1.4,3,2305.546,2
1,1,0,0,0,0,0,31,0,0,0,0,0,0,0,6
14,30,50,54,62,0,0,8,1,0,22,45,2.045454545,3,9690.186,7
12,28,10,18,29,8,0,12,0,0,26,45,1.730769231,1,3285.287,3
2,2,0,0,0,0,0,7,0,0,2,3,1.5,1,0,7
14,30,125,104,151,13,0,12,0,0,29,30,1.034482759,0,11368.754,3
14,29,72,61,58,70,24,5,0,0,28,107,3.821428571,2,8091.374,3
7,20,20,32,32,17,11,5,0,0,10,18,1.8,6,1925.073,5
14,30,17,16,17,0,0,3,0,0,16,31,1.9375,2,2243.409,7
14,30,121,147,217,233,112,4,0,0,30,433,14.43333333,3,7806.655,1
2,2,0,0,0,0,0,5,0,0,1,6,6,1,0,7
3,11,0,0,4,37,17,6,0,0,3,5,1.666666667,2,15564.173,0
7,15,27,16,30,1,1,3,0,0,3,4,1.333333333,0,6901.325,1
14,30,66,44,51,0,0,16,0,0,29,75,2.586206897,0,1204.572,5
11,22,33,21,18,5,2,4,0,0,8,14,1.75,2,0,7
1,4,0,0,1,5,1,16,0,0,1,1,1,0,0,1
5,17,27,28,46,0,0,5,0,0,2,2,1,0,0,2
14,30,44,43,49,105,42,10,0,0,2,2,1,0,23939.154,0
1,1,0,0,0,6,6,12,0,0,0,0,0,0,0,1
2,2,0,0,0,3,2,4,0,0,1,3,3,0,0,7
14,30,3,5,12,7,1,14,0,0,29,47,1.620689655,1,184.66,3
14,19,27,33,24,44,26,8,128,1,14,33,2.357142857,7,3885.488,6
13,28,3,4,9,88,54,12,1,0,6,12,2,3,750.556,5
7,17,19,12,18,0,0,7,0,0,8,12,1.5,2,0,6
6,9,5,2,1,2,1,12,0,0,1,1,1,0,4324.36,3
12,26,20,14,23,15,11,10,16,0,12,17,1.416666667,1,0,0
14,30,18,19,41,1,0,7,0,0,26,90,3.461538462,10,26616.94,5
14,30,28,18,39,21,10,8,0,0,29,82,2.827586207,4,3182.949,0
14,30,28,24,30,12,2,8,0,0,30,362,12.06666667,12,25618.684,0
6,12,5,4,4,11,5,4,0,0,10,11,1.1,1,0,4
9,17,84,95,115,124,93,15,0,0,0,0,0,0,15526.433,6
14,30,7,12,12,8386,64,4,0,0,30,184,6.133333333,3,3276.178,3
14,30,5,4,5,70,48,8,0,0,5,5,1,0,27763.113,5
14,27,20,17,24,7,0,5,0,0,28,125,4.464285714,2,0,0
1,1,6,3,2,0,0,6,0,0,2,5,2.5,0,0,3
10,11,18,12,8,3,0,11,0,0,3,5,1.666666667,1,1584.9,1
14,30,60,59,76,9,5,9,0,0,25,55,2.2,2,21787.532,4
1,2,0,0,0,2,1,31,3,0,0,0,0,0,0,7
14,28,79,64,127,29,3,5,0,0,28,164,5.857142857,1,14330.844,0
14,30,101,92,112,0,0,4,0,0,29,45,1.551724138,16,16568.433,6
3,15,0,0,2,1,0,7,0,0,9,12,1.333333333,2,0,2
1,1,0,0,0,0,0,3,0,0,1,1,1,0,0,2
1,9,0,0,5,5,5,7,5,0,0,0,0,0,0,0
10,19,271,156,153,15,9,12,35,5,6,6,1,2,10390.459,1
7,14,14,8,7,16,4,5,47,3,5,23,4.6,0,70.194,7
4,10,1,3,6,5,2,5,0,0,7,10,1.428571429,1,7520.108,4
14,30,4,7,9,0,0,8,0,0,30,35,1.166666667,0,6439.39,7
14,30,8,7,8,45,41,7,0,0,30,201,6.7,2,2544.577,6
14,30,24,24,35,3,0,12,7,3,8,8,1,1,0,6
14,29,2,2,10,479,237,8,0,0,14,36,2.571428571,4,161.296,6
1,2,0,0,0,1,0,14,0,0,0,0,0,0,3049.307,4
14,30,5,15,30,49,34,12,0,0,29,238,8.206896552,12,3985.368,4
14,30,47,50,76,0,0,7,0,0,3,4,1.333333333,1,10546.705,1
14,21,69,62,44,4,0,5,1,3,20,136,6.8,18,9285.595,5
14,30,62,43,59,2,1,4,0,0,30,81,2.7,2,0,1
13,28,6,6,13,423,279,13,2,0,23,29,1.260869565,1,12035.535,2
10,25,7,8,25,6,0,5,0,0,24,79,3.291666667,0,5865.234,4
13,29,83,78,85,26,3,4,0,0,7,9,1.285714286,0,1603.824,2
10,17,7,15,12,11,2,6,0,0,0,0,0,0,1601.551,7
14,30,11,14,19,21,16,11,0,4,29,68,2.344827586,1,1260.742,6
2,8,19,9,6,4,0,5,0,0,5,11,2.2,1,9729.677,7
6,8,1,6,3,5,5,7,0,0,0,0,0,0,0,0
3,4,0,0,0,2,0,10,0,0,0,0,0,0,0,7
13,29,42,58,97,11,9,11,30,2,24,41,1.708333333,5,17857.25,0
2,4,2,1,0,6,2,9,0,0,2,3,1.5,0,0,6
2,13,0,4,11,3,2,4,0,0,8,20,2.5,1,0,2
10,23,2,4,8,2,1,31,0,0,13,14,1.076923077,0,3445.426,2
1,7,0,0,0,0,0,9,0,0,0,0,0,0,0,0
1,2,0,0,0,4,0,3,0,0,0,0,0,0,240.028,5
14,30,16,16,19,5,0,7,0,0,30,790,26.33333333,8,12272.294,4
14,30,112,99,134,11,1,3,0,0,17,22,1.294117647,2,34776.737,0
14,30,83,91,129,47,15,15,156,11,17,25,1.470588235,5,12911.166,2
14,30,91,90,112,32,5,2,0,0,20,45,2.25,4,26216.676,0
14,30,114,92,134,0,0,6,0,0,5,7,1.4,0,9753.993,3
14,29,10,16,14,3,0,3,0,0,6,13,2.166666667,2,7991.848,1
2,6,0,0,1,39,16,8,1,0,2,3,1.5,0,0,6
14,19,70,50,33,9,8,5,47,0,14,21,1.5,3,21.018,7
13,29,11,17,19,1,1,7,0,0,28,62,2.214285714,2,0,6
14,30,4,5,13,22,4,4,75,7,12,21,1.75,0,2756.595,1
13,29,28,26,44,12,10,9,0,0,8,8,1,3,11102.236,2
14,30,167,158,186,19,8,5,0,0,30,154,5.133333333,3,1748.107,0
12,28,6,6,17,0,0,4,0,0,5,6,1.2,0,6744.197,5
7,14,5,9,17,4,4,9,210,7,6,9,1.5,2,9666.257,7
14,28,4,8,10,9,5,12,0,0,0,0,0,0,2115.177,3
14,28,28,22,22,5,4,3,0,0,10,18,1.8,1,4725.897,0
8,16,53,67,93,6,3,5,0,1,1,2,2,0,4098.421,1
13,23,4,4,7,2,1,6,0,0,17,22,1.294117647,6,492.135,3
14,30,87,84,92,53,44,4,388,0,30,315,10.5,28,16031.656,1
1,1,0,0,0,2,0,46,0,0,0,0,0,0,0,5
10,17,13,10,9,742,260,7,0,0,14,16,1.142857143,1,6809.92,4
8,13,19,10,8,3,0,8,0,0,7,20,2.857142857,2,16542.273,4
14,26,74,40,29,74,73,6,156,1,9,157,17.44444444,2,12097.988,3
14,30,38,30,39,3,1,7,0,0,28,68,2.428571429,4,12708.51,0
9,15,12,9,10,18,5,12,0,0,10,60,6,1,11578.696,0
14,30,62,54,78,484,228,7,2574,9,5,10,2,1,8405.538,7
3,11,0,4,9,2,1,12,0,0,0,0,0,0,11513.246,1
14,30,32,32,50,15,13,31,2,2,3,3,1,0,1233.786,7
14,30,7,9,13,6,2,6,0,0,26,50,1.923076923,1,6434.463,3
14,30,28,23,29,1,0,2,0,0,30,384,12.8,1,5025.253,7
10,22,6,5,9,19,12,7,0,0,7,11,1.571428571,0,1551.191,0
3,8,0,0,0,1,0,12,1,0,0,0,0,0,951.581,3
9,14,57,54,64,5,3,5,0,0,7,10,1.428571429,3,22950.138,3
12,26,26,41,49,1,1,5,48,0,13,21,1.615384615,1,0,1
14,30,15,17,24,80,31,3,182,2,29,46,1.586206897,0,2647.86,6
5,5,5,2,1,0,0,4,0,0,2,3,1.5,2,0,6
13,27,43,26,45,9,3,10,0,0,3,4,1.333333333,1,0,6
6,19,9,11,18,31,11,8,0,0,0,0,0,0,3362.011,7
14,30,89,61,57,0,0,5,0,0,28,28,1,0,40688.917,0
13,16,69,57,42,15,5,6,344,0,8,15,1.875,2,9782.096,1
9,19,3,3,4,9,6,16,0,0,18,38,2.111111111,0,0,4
14,23,15,12,14,2,0,4,109,0,15,19,1.266666667,3,3576.853,7
14,30,27,19,18,1,1,15,0,0,30,66,2.2,5,4463.311,6
2,2,0,0,0,0,0,10,0,0,1,1,1,0,0,1
4,7,7,4,3,1,0,3,0,0,1,2,2,0,0,7
14,30,66,82,115,49,37,14,0,0,16,28,1.75,1,9688.648,7
14,30,5,8,19,109,54,4,128,1,30,88,2.933333333,2,243.722,3
9,23,0,0,1,6,5,11,0,0,21,35,1.666666667,1,181.189,3
7,18,1,6,11,10,1,4,0,0,1,1,1,0,1651.608,3
3,7,0,0,0,0,0,5,0,0,1,1,1,0,0,3
14,23,95,87,85,672,457,7,14,87,20,43,2.15,7,14675.446,0
11,19,48,41,49,11,1,5,0,0,0,0,0,0,5629.902,5
14,30,171,157,139,523,262,5,296,8,28,41,1.464285714,2,103.346,6
2,4,2,1,3,5,4,3,0,0,0,0,0,0,0,6
1,1,0,0,0,2,0,13,0,0,0,0,0,0,0,0
5,9,0,0,0,4,1,16,0,0,4,8,2,0,109.627,6
3,4,0,0,0,4,2,9,0,0,0,0,0,0,0,7
14,30,15,15,17,9,5,5,0,0,30,355,11.83333333,4,7700.189,2
14,30,122,128,136,66,35,12,0,0,30,301,10.03333333,1,3388.624,5
12,22,6,6,9,6,0,8,0,0,0,0,0,0,9013.054,6
14,30,4,5,6,0,0,3,0,0,30,113,3.766666667,2,2323.74,0
14,27,1,3,3,19,3,16,0,0,9,19,2.111111111,3,568.274,5
9,10,19,10,6,48,29,8,358,1,7,42,6,6,4241.695,6
14,30,213,180,236,1967,1474,6,29,0,12,15,1.25,2,8838.734,7
3,10,9,5,8,9,2,10,0,0,4,5,1.25,1,0,2
12,27,46,32,44,12,3,7,0,0,18,25,1.388888889,3,17770.684,2
14,30,23,22,29,36,14,4,0,0,30,124,4.133333333,2,6059.74,7
1,6,0,0,0,1,0,16,0,0,5,6,1.2,1,0,7
14,30,5,6,21,1,0,17,0,0,28,31,1.107142857,1,1976.535,4
14,30,8,11,11,811,548,13,0,1,1,2,2,1,0,7
14,30,66,73,78,16,1,8,0,0,9,10,1.111111111,0,2025.189,2
14,30,50,55,51,5,0,5,0,0,23,33,1.434782609,4,3771.052,7
5,9,4,2,1,0,0,12,0,0,3,4,1.333333333,0,51.571,2
2,15,0,0,0,6,5,9,9,0,6,7,1.166666667,0,0,0
14,29,34,30,45,7,3,6,0,0,28,204,7.285714286,1,9148.034,0
14,30,29,40,66,14,0,6,0,0,29,48,1.655172414,3,8014.43,1
13,27,29,41,46,2,1,9,0,0,6,7,1.166666667,6,0,1
14,30,10,11,10,11,0,10,0,0,30,53,1.766666667,1,4747.529,3
7,14,44,26,23,9,8,5,0,0,3,4,1.333333333,0,0,3
14,30,33,32,41,1,0,9,0,0,30,406,13.53333333,8,19431.633,2
14,30,58,58,69,19,2,4,0,0,30,724,24.13333333,4,27287.248,6
5,5,2,1,0,0,0,2,0,0,5,14,2.8,4,0,4
14,30,8,10,14,9,1,4,0,0,28,43,1.535714286,1,4030.078,0
14,30,5,5,4,8,3,6,0,0,30,64,2.133333333,4,1517.845,1
13,22,17,17,17,5,1,9,0,0,15,16,1.066666667,1,2150.276,0
11,24,3,13,26,3,0,5,0,0,3,3,1,0,0,5
14,30,47,49,57,18,3,6,10,0,9,14,1.555555556,2,6743.92,1
14,30,32,43,51,3,0,6,0,0,30,162,5.4,10,25960.903,6
14,30,8,15,27,0,0,5,0,0,30,136,4.533333333,2,1809.4,0
1,1,0,0,0,0,0,2,0,0,0,0,0,0,0,6
5,6,0,1,0,64,27,7,0,0,1,1,1,0,0,1
14,30,56,50,65,42,14,17,0,0,17,30,1.764705882,5,15564.667,7
14,29,18,32,61,0,0,9,0,0,23,117,5.086956522,4,4067.872,2
13,28,7,7,7,10,4,11,0,0,24,44,1.833333333,0,3091.142,4
14,30,74,84,90,61,19,4,0,0,13,27,2.076923077,0,5189.696,1
14,28,53,59,61,1,1,5,0,0,29,243,8.379310345,14,8173.981,0
14,30,31,37,39,40,22,9,10,0,30,236,7.866666667,8,19430.024,0
14,30,223,252,258,15,10,8,0,0,28,31,1.107142857,1,10277.915,5
14,25,54,51,56,1,1,5,0,0,11,20,1.818181818,3,13802.25,4
14,30,86,95,156,239,117,9,0,0,5,6,1.2,0,2620.302,5
12,28,1,1,5,7,3,11,0,0,28,28,1,1,529.817,4
13,17,0,0,0,3,0,40,0,0,17,19,1.117647059,0,127.814,2
14,30,21,56,82,16,7,6,0,0,28,37,1.321428571,2,3636.044,7
4,13,0,0,3,0,0,11,0,0,0,0,0,0,2238.528,6
14,30,50,59,72,4,0,5,0,0,29,43,1.482758621,1,10772.768,1
14,30,32,45,63,15,5,8,0,0,5,5,1,1,11095.42,5
12,27,9,43,44,1,0,7,0,0,2,2,1,0,466.681,7
14,30,41,45,70,8,3,4,0,0,30,430,14.33333333,12,14671.029,0
14,30,13,18,39,22,4,5,0,0,2,2,1,0,6404.117,3
14,28,38,40,52,0,0,9,0,0,1,1,1,0,5775.069,0
9,10,50,46,31,1,0,3,0,0,3,3,1,1,5898.858,2
14,30,75,90,113,14,1,8,543,2,28,126,4.5,8,0,2
13,26,8,8,14,64,19,4,13,0,20,22,1.1,0,3670.932,0
12,28,2,3,3,0,0,10,0,0,26,32,1.230769231,0,4578.98,2
3,6,0,0,0,0,0,4,0,0,2,3,1.5,0,0,2
14,30,143,156,169,120,40,6,0,0,13,24,1.846153846,0,4700.54,2
11,22,5,5,7,2,1,6,0,0,14,21,1.5,1,0,5
1,1,0,0,0,1,0,9,0,0,0,0,0,0,0,4
2,5,0,3,3,42,22,13,0,0,2,2,1,1,0,4
14,30,7,8,12,6,0,9,0,0,29,45,1.551724138,2,1656.539,0
14,30,78,74,79,89,55,12,0,0,1,1,1,1,7883.592,6
1,2,0,0,0,0,0,7,0,0,1,1,1,0,0,7
4,4,0,0,0,2,2,5,0,0,1,1,1,0,0,6
14,30,30,36,76,7,2,7,0,0,3,3,1,0,1493.954,3
10,17,4,4,5,12,5,6,0,0,4,4,1,0,0,3
14,25,12,18,14,19,13,3,0,0,0,0,0,0,31656.753,3
14,30,15,16,15,131,56,4,0,0,0,0,0,0,3933.972,4
14,30,108,98,82,6,3,9,0,0,23,81,3.52173913,7,6385.703,2
11,25,22,42,75,8,1,5,0,0,6,7,1.166666667,1,4835.912,2
14,30,80,93,119,20,9,10,0,0,15,18,1.2,0,14959.514,7
14,30,21,18,34,14,6,16,0,0,30,35,1.166666667,3,4267.898,1
14,30,5,6,12,2,1,7,0,0,30,202,6.733333333,7,1626.569,2
3,3,0,0,0,1,0,16,0,0,1,3,3,0,0,0
14,30,57,48,71,297,226,11,0,0,30,31,1.033333333,2,6322.3,2
14,30,20,15,17,7,1,8,0,0,2,2,1,0,2827.18,2
14,30,476,388,557,12,1,11,0,0,30,510,17,23,36831.774,0
14,30,14,17,13,11,11,9,0,0,30,52,1.733333333,7,172.975,4
1,6,0,0,0,2,1,7,0,0,0,0,0,0,0,3
5,7,4,2,3,37,4,21,0,0,1,1,1,1,0,3
13,23,11,26,28,9,3,16,4,0,4,7,1.75,1,66.325,0
14,30,24,20,22,8,3,6,0,0,29,90,3.103448276,8,11940.293,1
14,30,47,36,61,8,1,4,0,0,4,4,1,1,11163.071,3
10,26,19,16,43,42,25,4,0,0,1,1,1,0,9095.541,2
2,2,0,0,0,0,0,5,0,0,0,0,0,0,0,5
3,9,1,0,17,1,1,6,303,0,3,3,1,1,21743.414,5
14,28,98,69,62,9,2,16,0,0,12,17,1.416666667,2,1200.026,2
10,20,96,82,109,15,6,6,0,0,7,9,1.285714286,2,31052.213,2
10,19,9,6,9,4,0,12,0,0,1,2,2,0,0,0
13,28,11,10,17,4,0,8,0,0,22,33,1.5,0,1967.335,4
13,26,8,6,7,5,0,3,0,0,16,17,1.0625,2,0,1
14,30,61,66,79,11,8,16,1380,0,0,0,0,0,8758.098,1
13,29,5,22,63,35,8,9,5610,104,1,1,1,0,0,4
3,7,0,0,0,8,0,31,0,0,1,1,1,0,0,7
14,30,75,67,77,63,13,14,270,13,26,60,2.307692308,4,2231.163,2
12,25,37,22,24,2,0,4,0,0,16,19,1.1875,1,2287.34,0
2,2,0,0,0,1,0,16,0,0,0,0,0,0,0,4
14,28,4,5,4,2,2,7,0,0,27,110,4.074074074,5,4359.241,2
9,21,61,78,105,8,0,4,0,0,21,88,4.19047619,0,16007.832,7
14,30,95,100,137,60,28,6,1928,17,19,84,4.421052632,14,19190.261,6
4,6,0,0,0,0,0,5,1,0,0,0,0,0,0,2
14,29,232,152,147,11,1,9,0,0,11,17,1.545454545,0,7448.938,1
14,30,50,68,116,191,100,12,0,0,14,22,1.571428571,3,2004.498,5
14,30,32,63,57,52,2,16,1515,22,1,5,5,1,0,0
14,28,57,52,71,53,28,7,0,19,19,35,1.842105263,3,2935.159,6
13,29,16,17,20,74,59,5,263,0,29,187,6.448275862,23,9021.384,5
14,30,32,27,43,12,11,5,0,0,27,37,1.37037037,2,7120.01,4
14,25,20,28,30,2,1,3,122,0,15,42,2.8,8,1166.478,6
13,29,41,45,59,3,1,5,0,0,17,27,1.588235294,3,0,4
14,30,42,43,42,61,25,9,0,0,9,10,1.111111111,0,2203.884,2
14,30,42,40,58,384,216,7,3164,5,3,3,1,0,3144.382,3
1,6,2,1,4,73,63,5,0,0,1,1,1,0,0,7
14,30,7,9,12,3,1,3,0,0,27,62,2.296296296,4,0,4
14,30,50,32,50,7,5,1,0,0,30,700,23.33333333,2,38066.233,5
13,28,0,2,5,0,0,9,0,0,16,17,1.0625,1,633.068,0
14,30,1,5,6,35,22,7,7,3,29,34,1.172413793,0,288.787,1
14,30,52,34,36,2,1,7,0,0,30,100,3.333333333,6,3596.02,2
14,30,23,21,25,5,1,12,0,0,0,0,0,0,5014.123,0
14,30,78,60,108,9,3,7,0,0,29,216,7.448275862,2,17846.001,7
6,13,0,15,14,8,2,6,0,0,6,8,1.333333333,1,6419.045,3
14,30,5,8,9,85,4,6,35,0,25,75,3,1,7321.721,5
13,24,29,32,27,0,0,6,0,0,2,5,2.5,2,2794.649,0
7,14,14,12,9,1,1,4,4,0,0,0,0,0,0,7
14,30,5,5,5,5,1,8,0,0,27,74,2.740740741,4,13729.493,0
14,30,21,14,21,73,5,11,0,0,28,67,2.392857143,4,949.842,7
6,15,40,61,82,367,346,12,0,0,2,15,7.5,2,27976.215,7
13,28,4,3,3,7,0,6,0,0,28,41,1.464285714,0,6844.217,5
14,15,25,72,51,0,0,5,120,28,6,7,1.166666667,1,0,1
14,30,219,326,316,68,14,5,0,0,3,3,1,0,4726.211,2
12,25,1,1,1,18,4,6,0,0,25,59,2.36,1,752.954,4
12,27,2,1,3,2,2,7,0,0,27,36,1.333333333,0,564.358,0
14,29,11,13,15,2,0,6,0,0,30,115,3.833333333,1,3195.133,6
8,16,49,66,91,10,7,5,0,0,10,16,1.6,0,25128.461,7
1,1,4,2,1,0,0,5,0,0,2,6,3,0,2856.027,1
13,29,32,25,38,2,1,6,0,0,6,6,1,1,2961.459,2
14,30,13,17,22,25,18,18,0,0,4,4,1,0,4311.667,5
14,30,17,14,15,7,1,7,0,0,29,96,3.310344828,14,1006.08,1
14,30,86,91,121,0,0,7,0,0,3,3,1,1,27724.465,5
11,22,7,5,6,26,5,8,0,0,3,3,1,0,8508.898,3
14,30,97,101,156,2712,2105,7,4,3,30,339,11.3,5,10157.283,6
14,28,7,11,14,21,9,3,0,0,6,8,1.333333333,1,0,1
14,30,73,92,104,7,4,4,2475,0,1,1,1,1,9442.876,6
14,26,80,66,58,2,1,6,0,0,22,27,1.227272727,1,3808.663,3
2,12,2,1,3,15,11,12,0,0,2,2,1,2,178.151,3
6,6,16,8,5,0,0,6,0,0,4,13,3.25,2,0,0
12,25,175,157,168,10,10,12,0,0,18,44,2.444444444,3,12828.056,1
11,21,24,13,10,6,1,4,0,0,10,14,1.4,0,934.066,3
14,30,97,101,104,4,1,5,0,0,30,174,5.8,2,16767.235,0
12,28,43,29,37,33,33,5,5461,0,1,1,1,0,883.075,1
12,25,3,7,9,2,1,6,0,0,4,6,1.5,1,0,4
2,5,0,0,1,5,5,5,0,0,5,8,1.6,0,2922.267,1
14,30,30,38,43,26,1,6,0,0,30,356,11.86666667,8,16198.303,1
13,27,4,8,14,4,0,5,0,0,16,26,1.625,3,415.655,5
14,30,22,18,29,13,13,6,0,0,18,25,1.388888889,2,243.644,5
14,30,81,75,102,66,45,6,0,0,6,6,1,2,17907.382,5
14,26,7,11,9,2,0,6,0,0,26,69,2.653846154,2,1735.695,5
12,20,46,35,31,169,164,9,0,0,15,24,1.6,5,4601.034,3
9,23,2,3,7,22,11,8,0,0,17,45,2.647058824,10,1912.057,1
14,29,10,9,12,6,1,6,0,0,29,57,1.965517241,1,4847.965,1
14,30,54,49,66,0,0,3,0,0,30,721,24.03333333,28,15990.634,0
6,12,0,2,2,20,10,3,0,0,0,0,0,0,0,7
0,0,0,0,0,0,0,18,0,0,0,0,0,0,0,0
4,9,5,2,3,8,1,8,0,0,4,4,1,0,6898.515,1
14,30,49,56,48,36,32,11,1415,44,10,14,1.4,1,896.735,2
7,18,38,19,27,5,2,8,0,0,3,4,1.333333333,0,18849.126,1
7,8,4,4,3,10,9,3,0,0,3,10,3.333333333,2,1648.816,0
14,30,22,19,18,8,3,5,0,0,30,147,4.9,3,1064.539,0
14,30,10,9,9,5,2,5,0,0,29,35,1.206896552,0,1695.53,0
14,30,157,155,174,1,0,14,0,0,30,248,8.266666667,1,18520.675,0
14,30,77,58,75,294,40,5,0,0,26,34,1.307692308,2,9082.37,3
5,5,6,5,3,10,8,5,0,0,1,1,1,1,12795.465,5
14,30,29,57,77,28451,89,24,0,0,30,58,1.933333333,6,1855.967,2
14,30,42,47,68,239,151,5,0,0,20,31,1.55,1,1659.057,6
14,30,40,46,42,4702,2728,23,9,1,28,37,1.321428571,0,3956.821,3
9,15,3,8,8,8,0,9,0,0,1,1,1,0,360.007,2
14,30,42,32,45,174,124,11,1,0,29,41,1.413793103,1,3529.598,3
14,30,73,81,127,0,0,9,0,0,19,47,2.473684211,5,16571.994,5
14,30,27,24,54,4,2,24,0,0,3,5,1.666666667,0,1436.648,6
14,30,14,23,26,95,47,5,26,0,3,3,1,0,25093.85,6
14,30,26,37,50,318,235,6,0,0,27,87,3.222222222,2,6205.91,7
11,25,4,2,6,0,0,5,0,0,18,63,3.5,4,9.961,7
14,29,46,54,57,0,0,4,0,0,0,0,0,0,513.815,0
7,12,0,1,1,2,1,7,0,0,0,0,0,0,0,5
14,30,52,46,63,5,4,5,0,0,30,83,2.766666667,3,6070.228,6
14,30,17,16,19,75,5,11,6,0,30,204,6.8,7,22094.206,6
14,30,7,7,10,9,2,16,0,0,29,93,3.206896552,0,794.53,5
4,13,7,4,9,0,0,5,5,0,4,5,1.25,4,7162.37,0
9,25,10,11,35,2,1,17,0,0,8,16,2,3,2209.905,6
14,14,132,113,68,0,0,3,0,0,14,65,4.642857143,12,13253.542,4
9,20,7,15,30,9,8,13,0,0,14,17,1.214285714,0,29140.355,6
14,30,98,76,82,26,4,5,0,0,30,183,6.1,2,8331.905,3
6,12,9,14,17,0,0,4,0,0,6,8,1.333333333,1,0,0
14,29,11,15,20,14,3,3,0,0,1,2,2,0,6108.488,0
14,30,11,10,11,101,72,9,0,0,30,101,3.366666667,1,16021.239,3
14,27,11,8,10,4,1,6,11,0,0,0,0,0,0,3
14,30,241,229,262,28,2,21,0,0,18,30,1.666666667,0,28806.882,4
14,30,155,186,227,20,19,7,0,0,0,0,0,0,7450.682,1
14,29,9,7,8,0,0,9,0,0,28,30,1.071428571,1,9972.47,0
6,10,1,3,4,13,1,23,0,0,4,6,1.5,4,0,2
14,30,11,12,19,11,0,18,0,0,30,59,1.966666667,1,24955.222,0
11,27,29,40,42,0,0,11,0,0,19,22,1.157894737,2,13040.974,6
0,0,0,0,0,0,0,5,0,0,0,0,0,0,0,7
14,30,78,82,98,6,0,5,0,0,24,36,1.5,1,24109.534,0
5,8,0,0,0,2,0,6,0,0,5,10,2,0,1.821,6
14,30,52,63,66,90,9,9,339,0,28,79,2.821428571,7,15394.207,7
13,28,11,12,17,1,0,11,0,0,28,101,3.607142857,2,0,2
13,28,13,8,8,1,0,4,0,0,27,30,1.111111111,1,360.001,6
14,30,66,71,86,97,53,6,0,0,30,338,11.26666667,10,11952.663,0
14,30,68,76,103,646,581,12,317,3,0,0,0,0,0,6
14,30,5,6,8,0,0,8,0,2,30,142,4.733333333,8,8880.505,7
4,4,0,0,0,3,0,11,0,0,2,5,2.5,1,0,0
3,15,0,5,19,56,13,4,109,7,0,0,0,0,0,3
12,26,5,7,6,4,2,8,0,0,10,12,1.2,1,211.611,7
14,30,8,18,20,12,1,5,0,0,30,462,15.4,5,14813.964,5
14,30,47,41,60,4,0,3,0,0,30,280,9.333333333,1,24181.565,4
4,8,0,0,0,11,3,17,0,0,0,0,0,0,11.262,3
13,15,25,21,18,0,0,14,1,0,4,5,1.25,0,2440.687,4
8,21,20,29,49,4,4,4,0,0,2,3,1.5,0,0,6
14,30,39,55,68,85,43,12,0,0,28,31,1.107142857,0,13070.808,2
9,9,21,17,10,1,0,5,0,0,1,1,1,1,0,2
12,28,10,11,21,6,5,4,0,0,8,8,1,1,10431.015,2
12,19,9,21,20,9,4,5,0,0,0,0,0,0,0,3
4,9,0,0,0,0,0,8,0,0,0,0,0,0,515.254,3
1,2,0,0,0,0,0,4,0,0,2,3,1.5,1,0,7
14,30,115,124,158,7,6,9,0,0,4,5,1.25,2,20631.111,2
14,30,52,44,52,159,129,6,0,0,30,429,14.3,4,9101.896,7
9,18,43,54,72,57,35,4,0,0,3,3,1,1,21503.414,3
3,3,0,0,0,1,0,13,0,0,0,0,0,0,0,3
14,30,28,21,34,8,7,9,11,14,30,48,1.6,5,2421.179,2
14,29,7,7,7,13,9,9,0,0,28,77,2.75,9,368.887,1
12,26,46,32,46,540,517,3,12,0,4,4,1,0,7590.167,5
4,4,0,0,0,0,0,13,0,0,1,1,1,0,0,7
14,30,20,20,29,5,0,6,0,0,0,0,0,0,2064.93,6
14,30,29,21,30,265,69,4,0,0,25,44,1.76,2,10880.855,3
11,21,34,21,41,4,2,18,0,0,3,3,1,0,176.01,6
14,30,114,94,108,136,73,6,0,0,11,15,1.363636364,0,1913.589,1
8,19,1,3,2,1,0,5,0,0,15,25,1.666666667,1,883.333,4
14,30,29,37,58,2,1,10,0,0,29,45,1.551724138,0,751.14,4
12,24,17,14,15,20,14,5,0,0,1,1,1,0,0,2
9,22,15,17,24,25,8,8,130,3,4,4,1,1,194.748,0
14,30,12,22,35,0,0,5,0,0,28,51,1.821428571,1,5115.912,4
14,30,7,5,6,3,2,3,0,0,30,33,1.1,1,941.51,1
12,22,25,17,12,2,1,10,0,0,5,5,1,1,21033.264,1
14,30,64,94,154,12,2,5,0,0,22,37,1.681818182,1,11942,5
3,7,14,17,11,0,0,8,0,0,5,7,1.4,3,2887.59,7
13,28,31,24,39,0,0,3,231,0,3,4,1.333333333,1,4282.419,6
9,14,6,4,3,0,0,5,0,0,11,22,2,7,89.523,3
14,30,65,60,56,1,0,10,0,0,0,0,0,0,3852.823,3
12,26,7,5,7,0,0,6,0,0,1,1,1,0,7460.112,3
8,9,1,0,0,36,22,11,0,0,4,7,1.75,1,221.666,1
2,2,52,26,15,1,0,5,0,0,2,3,1.5,0,27075.717,3
14,30,7,6,15,9,1,24,0,0,21,31,1.476190476,0,0,7
6,17,6,13,22,24,5,5,0,0,11,17,1.545454545,2,0,4
12,28,7,7,7,7,2,7,0,0,28,39,1.392857143,0,2035.886,5
14,30,145,166,250,476,174,44,11142,168,0,0,0,0,0,5
2,6,0,0,3,1,0,7,0,0,3,7,2.333333333,1,0,4
9,20,0,0,0,15,4,10,0,0,0,0,0,0,22.36,7
13,23,3,2,7,0,0,19,0,0,20,28,1.4,8,11301.339,7
14,29,10,11,19,8,1,9,0,0,23,24,1.043478261,0,2280.03,4
1,1,0,0,0,53,6,4,0,0,1,2,2,1,0,6
1,1,0,0,0,0,0,8,0,0,0,0,0,0,0,6
14,30,40,44,43,443,120,4,430,0,3,4,1.333333333,0,0,0
6,12,13,8,9,5,1,5,0,0,0,0,0,0,0,3
14,30,25,26,34,198,194,9,0,0,28,51,1.821428571,3,16986.41,3
1,4,0,0,13,7,5,6,0,0,3,4,1.333333333,3,0,7
1,1,0,0,0,0,0,6,0,0,1,1,1,0,0,2
14,30,55,93,141,527,39,7,45,0,21,40,1.904761905,4,8387.818,1
14,30,14,31,56,5,3,5,0,0,30,381,12.7,30,8494.203,4
14,30,52,44,54,163,46,5,0,0,18,29,1.611111111,1,4618.363,6
14,29,12,25,28,8,7,5,0,0,29,124,4.275862069,1,6499.011,2
14,30,5,5,7,5,1,7,0,0,30,313,10.43333333,9,4690.685,5
14,30,48,46,71,95,83,5,3,0,6,15,2.5,0,19720.853,3
2,10,0,0,0,0,0,46,0,0,0,0,0,0,0,0
14,20,33,31,27,8,5,8,0,0,21,366,17.42857143,5,17576.166,1
14,16,18,20,13,0,0,14,0,0,17,109,6.411764706,6,0,1
14,30,17,16,22,21,0,6,0,0,30,51,1.7,1,6777.246,2
14,30,50,50,75,32,1,12,0,0,10,16,1.6,3,24223.602,5
14,30,49,53,86,17,11,24,0,0,4,6,1.5,0,6301.933,4
13,29,4,4,6,2,0,5,0,0,29,38,1.310344828,2,4906.713,0
9,21,67,63,103,11,8,11,37,36,8,10,1.25,1,18734.924,4
14,29,23,22,26,5,0,0,0,0,20,20,1,1,3406.786,5
6,15,1,4,15,0,0,4,0,0,2,2,1,2,0,5
13,29,8,7,8,26,19,8,0,0,26,30,1.153846154,2,514.091,7
14,26,24,24,27,6,2,6,0,0,21,27,1.285714286,1,12361.358,7
14,30,15,16,17,3,3,5,0,0,30,294,9.8,2,9772.352,1
10,24,6,4,5,0,0,14,0,0,0,0,0,0,308.15,7
7,14,5,5,5,1,1,3,0,0,6,8,1.333333333,0,2681.059,4
4,6,16,8,8,6,0,3,0,2,1,1,1,0,0,0
14,30,58,58,61,105,76,5,55,0,30,421,14.03333333,5,16950.527,4
14,30,34,87,101,223,147,4,0,0,0,0,0,0,5531.184,7
3,7,0,1,1,38,12,19,123,0,0,0,0,0,0,3
14,30,141,129,169,132,60,6,221,1,12,21,1.75,5,10536.96,7
10,24,32,20,32,2,1,6,0,0,5,10,2,1,3362.722,1
14,21,78,65,58,0,0,7,0,0,22,136,6.181818182,16,7425.762,3
11,25,0,10,19,8,0,7,0,0,8,13,1.625,2,151.45,6
14,30,93,77,102,21,0,4,0,0,30,96,3.2,0,13849.852,0
7,20,4,5,11,3,0,3,0,0,6,10,1.666666667,0,0,2
2,3,1,0,0,8,2,5,3,0,0,0,0,0,503.508,5
7,15,35,39,44,5,0,2,0,0,9,10,1.111111111,3,4678.462,3
11,20,4,5,10,6,0,14,0,0,1,1,1,0,263.422,2
8,8,31,25,15,0,0,11,0,0,3,5,1.666666667,2,3192.749,5
7,7,3,5,3,0,0,6,0,0,0,0,0,0,0,4
2,2,0,0,0,0,0,8,0,0,0,0,0,0,0,7
4,8,0,0,0,23,0,23,2,0,0,0,0,0,0,5
14,29,10,8,11,2,1,6,0,0,26,35,1.346153846,2,37.439,0
14,18,9,10,10,0,0,11,0,0,17,40,2.352941176,4,10158.473,2
14,30,18,26,34,3,2,11,0,0,26,27,1.038461538,0,3924.075,6
14,29,1,1,10,7,0,9,0,0,20,21,1.05,0,564.798,2
14,30,21,22,28,5,1,13,0,0,29,68,2.344827586,4,8880.701,1
14,30,19,21,24,0,0,18,0,0,30,139,4.633333333,3,7560.107,2
1,1,0,0,0,0,0,10,0,0,1,3,3,0,0,0
8,18,20,11,18,53,34,7,0,0,2,2,1,0,21934.111,7
14,30,57,72,80,92,47,5,33,14,30,118,3.933333333,5,11215.786,0
14,30,26,28,36,48,4,12,0,0,13,18,1.384615385,1,4090.393,0
14,28,29,27,23,0,0,24,0,0,0,0,0,0,4057.428,7
14,30,8,8,10,177,170,10,68,19,27,65,2.407407407,2,1222.246,2
1,2,0,0,0,0,0,4,0,0,0,0,0,0,0,5
10,20,7,15,15,0,0,10,0,0,9,14,1.555555556,4,7715.207,7
13,21,12,8,8,42,40,6,257,0,1,1,1,0,0,6
3,3,0,0,0,1,0,24,0,0,1,1,1,0,0,6
14,30,114,100,102,97,0,7,0,0,30,41,1.366666667,1,995.882,5
0,0,0,0,0,0,0,5,0,0,0,0,0,0,0,1
13,25,29,22,29,20,3,17,17,0,9,12,1.333333333,3,165.414,6
14,30,140,116,152,397,296,3,0,2,10,15,1.5,1,8152.102,0
9,13,2,23,18,142,56,5,0,0,3,3,1,0,120.592,4
9,24,7,8,19,4,1,4,0,0,1,1,1,0,4421.747,4
9,15,1,1,1,22,6,3,0,0,3,4,1.333333333,1,0,2
14,30,14,12,15,51,17,7,405,0,29,154,5.310344828,6,9095.91,5
14,30,55,50,76,22,9,9,0,0,5,7,1.4,2,9641.772,5
14,29,13,9,17,54,21,7,0,0,26,30,1.153846154,3,2997.134,0
12,24,37,28,26,7,5,5,0,0,7,7,1,0,4735.172,1
14,30,10,33,48,484,17,23,863,4,0,0,0,0,0,6
4,4,10,5,3,4,0,9,0,0,1,1,1,0,0,0
5,7,0,0,0,15,14,3,0,0,3,3,1,0,0,3
14,30,7,12,20,4,0,8,0,0,30,34,1.133333333,0,142.322,2
14,30,21,18,25,88,25,3,0,0,29,82,2.827586207,10,14685.715,0
7,17,6,14,29,29,11,9,0,0,4,5,1.25,3,5347.118,6
14,30,7,4,5,8,4,10,2,0,2,2,1,0,0,6
1,1,0,0,0,0,0,6,0,0,1,1,1,0,0,1
11,11,20,16,10,25,14,5,0,0,3,7,2.333333333,0,9876.129,2
8,12,0,6,4,30,3,14,0,0,0,0,0,0,19702.995,3
9,21,21,15,19,18,2,9,0,0,10,13,1.3,4,2314.151,5
3,3,1,0,0,0,0,7,0,0,3,4,1.333333333,1,0,7
9,12,1,2,2,7,3,16,30,0,0,0,0,0,0,1
14,30,21,26,39,9,2,17,0,0,8,8,1,0,3081.928,0
12,26,26,23,26,2,0,46,0,0,8,8,1,0,23635.249,7
14,30,5,5,5,4,3,6,0,0,30,273,9.1,2,2955.057,1
14,30,72,93,113,73,55,9,0,0,19,57,3,11,5340.58,7
14,30,261,317,394,316,5,15,0,4,18,21,1.166666667,0,12302.544,3
14,30,65,37,24,6,0,18,0,0,29,81,2.793103448,10,2936.689,1
14,30,9,8,9,3,1,5,0,0,30,242,8.066666667,4,4604.187,1
11,14,43,27,18,40,39,6,14,0,4,4,1,1,5318.845,1
14,30,37,45,40,47,44,9,1,0,30,246,8.2,6,3040.677,5
14,30,4,6,6,4,1,5,0,0,30,110,3.666666667,30,4089.896,1
10,24,26,14,22,3,1,5,0,0,6,9,1.5,0,7886.643,2
7,18,4,2,4,5,3,7,0,0,14,33,2.357142857,2,8325.386,3
14,30,5,6,8,4,1,10,0,0,9,12,1.333333333,0,4249.633,4
14,30,41,42,66,14,12,5,0,0,30,82,2.733333333,0,13355.449,0
5,10,10,5,6,22,12,6,0,0,3,5,1.666666667,2,0,7
10,20,11,7,7,4,0,3,0,0,7,7,1,0,0,2
14,30,78,104,135,95,44,6,366,0,30,80,2.666666667,2,3468.02,2
14,30,69,61,83,24,8,4,0,0,4,4,1,1,8443.657,7
9,19,79,60,85,13,2,8,0,0,5,10,2,1,0,0
13,29,2,10,14,18,6,5,0,0,20,74,3.7,4,1216.84,0
14,29,46,39,58,0,0,6,0,0,7,11,1.571428571,3,0,7
14,30,58,58,70,1,1,22,0,0,0,0,0,0,1882.902,7
13,28,1,1,4,9,6,5,0,0,28,41,1.464285714,1,0,5
13,19,2,6,4,7,4,9,0,0,4,6,1.5,0,0,5
11,12,41,25,15,0,0,16,0,0,4,5,1.25,0,12122.86,7
14,30,117,122,136,7,4,9,0,0,29,106,3.655172414,5,15262.363,3
14,30,59,46,37,8,7,4,0,0,30,62,2.066666667,2,694.066,4
9,17,3,2,4,4,2,7,0,0,3,4,1.333333333,0,0,1
14,30,19,19,23,30,8,4,15,0,30,260,8.666666667,1,3403.65,4
14,30,16,15,15,3,0,17,0,0,30,288,9.6,1,8326.199,5
0,0,0,0,0,0,0,5,0,0,1,1,1,0,11129.989,4
1,1,0,0,0,0,0,18,0,0,1,1,1,0,0,5
13,15,26,32,21,2,0,7,0,0,6,7,1.166666667,0,2639.849,4
14,30,19,15,25,26,18,4,0,0,2,3,1.5,1,0,7
14,30,58,58,69,22,16,4,0,0,30,456,15.2,24,21734.538,0
10,19,8,5,4,30,19,3,12,0,5,9,1.8,1,27.923,5
14,22,3,4,4,1,1,13,0,0,0,0,0,0,1319.653,3
13,29,20,14,19,35,3,3,0,0,1,1,1,0,6767.071,3
14,30,22,25,30,5,5,7,0,0,24,29,1.208333333,2,1839.647,2
3,5,0,0,0,1,1,4,0,0,1,1,1,0,1194.953,7
10,21,7,5,7,12,4,5,0,0,16,17,1.0625,0,9760.407,1
14,30,36,39,52,17,12,6,0,0,1,1,1,0,4370.956,5
14,29,115,100,132,376,323,4,0,0,25,35,1.4,3,29523.722,7
14,30,10,10,16,3,0,0,0,0,30,306,10.2,2,4717.795,2
14,30,158,124,130,11,0,14,594,0,8,9,1.125,3,0,6
12,25,3,2,3,7,1,3,0,0,24,28,1.166666667,1,1298.57,4
5,6,0,13,9,1,1,7,7,1,2,6,3,2,19743.01,0
9,18,3,12,31,33,6,4,0,0,9,13,1.444444444,1,1485.663,4
14,30,10,24,50,1,1,14,0,0,30,75,2.5,26,2844.464,3
14,29,6,5,9,3,1,5,0,0,29,38,1.310344828,2,3360.038,5
14,30,78,124,186,51,16,13,0,0,28,46,1.642857143,4,5542.191,3
12,27,15,11,20,42,1,4,0,0,4,4,1,0,6.897,5
13,29,17,13,15,121,71,5,0,0,29,74,2.551724138,1,1706.528,4
14,30,8,5,10,23,1,4,378,0,5,7,1.4,0,369.094,3
14,30,255,204,295,97,74,4,0,0,6,8,1.333333333,0,3001.137,5
14,30,21,14,12,3,2,4,0,2,30,214,7.133333333,27,1648.922,6
11,27,11,73,91,27,17,8,0,0,0,0,0,0,0,1
3,4,0,0,0,0,0,11,0,0,2,5,2.5,0,0,7
14,30,14,15,23,8,1,5,0,0,30,50,1.666666667,3,12035.587,2
14,30,145,140,135,84,54,9,0,0,30,487,16.23333333,5,9558.164,5
14,28,3,3,5,0,0,17,0,0,28,41,1.464285714,0,1125.63,0
14,30,88,83,94,4,0,22,0,0,30,49,1.633333333,3,11823.631,1
13,27,33,28,35,4,1,9,0,0,1,1,1,0,327.438,4
14,30,26,31,44,269,255,7,0,0,5,6,1.2,2,4530.546,0
11,25,2,26,46,17,13,4,0,0,5,7,1.4,2,2454.443,4
14,30,25,33,51,38,16,4,0,0,1,1,1,0,9278.85,4
14,30,13,12,14,17,1,5,0,0,30,96,3.2,2,3525.398,5
14,30,51,63,90,379,370,4,0,0,10,16,1.6,0,0,7
14,30,11,12,14,44,19,6,0,0,30,68,2.266666667,1,3772.847,2
3,8,0,0,0,0,0,6,0,0,2,2,1,0,0,5
1,3,0,0,0,16,3,11,0,0,0,0,0,0,0,0
14,30,44,52,56,260,2,9,0,0,30,227,7.566666667,6,11436.409,3
12,26,8,8,7,0,0,5,40,0,26,41,1.576923077,21,2444.02,1
9,13,1,4,3,1,1,12,0,0,2,4,2,0,0,7
14,30,103,60,66,4,0,5,0,0,15,19,1.266666667,3,1323.196,0
14,30,96,78,74,11302,1004,19,17,53,11,12,1.090909091,0,0,7
14,30,60,60,78,111,41,9,0,0,2,2,1,0,13997.406,7
10,21,23,17,23,4,4,9,1,0,5,6,1.2,1,4332.869,2
14,30,3,5,5,28,7,11,0,3,30,41,1.366666667,2,420.882,6
14,30,93,110,144,5,2,2,0,0,13,20,1.538461538,3,22399.616,4
14,30,35,34,49,1,1,6,0,0,4,5,1.25,1,0,4
6,16,0,0,1,331,221,5,81,187,1,1,1,1,0,7